,sku,title,brand,model,price,category
0,010541701,Lava e Seca LG 11kg Smart Care Prime Touch  - 14 Programas de Lavagem Água Quente - Lavadora de Roupas Lava e Seca - Magazine Luiza,LG,Prime Touch,"2.450,91",lavadora-de-roupas-lava-e-seca
1,215900400,"Lava e Seca Samsung 10,2kg Inox WD6000 - 13 Programas de Lavagem - Lavadora de Roupas Lava e Seca - Magazine Luiza",Samsung,WD6000,"2.868,91",lavadora-de-roupas-lava-e-seca
2,217304200,"Lava e Seca LG 8,5kg Mega Touch - 9 Programas de Lavagem Água Quente - Lavadora de Roupas Lava e Seca - Magazine Luiza",LG,Mega Touch,"2.299,90",lavadora-de-roupas-lava-e-seca
3,010541600,Lava e Seca LG 11kg Smart Care Prime Touch  - 14 Programas de Lavagem Água Quente - Lavadora de Roupas Lava e Seca - Magazine Luiza,LG,Prime Touch,"2.979,90",lavadora-de-roupas-lava-e-seca
4,219008900,"Lava e Seca Samsung 10,2kg Prata WD4000 - 12 Programas de Lavagem Água Quente - Lavadora de Roupas Lava e Seca - Magazine Luiza",Samsung,WD4000,"2.422,41",lavadora-de-roupas-lava-e-seca
5,219008700,"Lava e Seca Samsung 10,2kg WD4000 - 12 Programas de Lavagem Água Quente - Lavadora de Roupas Lava e Seca - Magazine Luiza",Samsung,WD4000,"2.327,41",lavadora-de-roupas-lava-e-seca
6,219056600,Lava e Seca Midea 12Kg Prata Acqua - 16 Programas de Lavagem Água Quente - Lavadora de Roupas Lava e Seca - Magazine Luiza,Midea,Acqua,"2.355,91",lavadora-de-roupas-lava-e-seca
7,010541400,Lava e Seca 10Kg Samsung WD10J - Água Quente 13 Programas de Lavagem - Lavadora de Roupas Lava e Seca - Magazine Luiza,Samsung,WD10J,"2.659,91",lavadora-de-roupas-lava-e-seca
8,219008500,"Lava e Seca Samsung 8,5kg WD4000 - 12 Programas de Lavagem - Lavadora de Roupas Lava e Seca - Magazine Luiza",Samsung,WD4000,"2.279,91",lavadora-de-roupas-lava-e-seca
9,215562500,Lava e Seca LG 14kg Top Gun - 12 Programas de Lavagem - Lavadora de Roupas Lava e Seca - Magazine Luiza,LG,Top Gun,"4.369,05",lavadora-de-roupas-lava-e-seca
10,730754400,"Lavadora e Secadora de Roupas Samsung AddWash 10,2Kg 110V WD10K6410OX/AZ - Lavadora de Roupas Lava e Seca - Magazine Luiza",,,"3.699,00",lavadora-de-roupas-lava-e-seca
11,214410500,"Lava e Seca LG 8,5Kg Direct Drive - 14 Programas de Lavagem Água Quente - Lavadora de Roupas Lava e Seca - Magazine Luiza",LG,Direct Drive,"2.982,91",lavadora-de-roupas-lava-e-seca
12,214410600,"Lava e Seca LG 8,5Kg Direct Drive - 14 Programas de Lavagem Água Quente - Lavadora de Roupas Lava e Seca - Magazine Luiza",LG,Direct Drive,"2.564,91",lavadora-de-roupas-lava-e-seca
13,215562700,Lava e Seca LG 14kg Top Gun - 12 Programas de Lavagem - Lavadora de Roupas Lava e Seca - Magazine Luiza,LG,Top Gun,"4.702,41",lavadora-de-roupas-lava-e-seca
14,572574900,Máquina de Lavar Roupas Brastemp 15kg BWD15A9 127V Platinum - Lavadora de Roupas Lava e Seca - Magazine Luiza,,BWD15A9,"3.299,90",lavadora-de-roupas-lava-e-seca
15,724341100,Lava E Seca Midea Prata 12kg 127v - Lavadora de Roupas Lava e Seca - Magazine Luiza,,LSX121,"2.668,99",lavadora-de-roupas-lava-e-seca
16,642267300,Lavadora Special Lava E Seca Easy Dry 7kg 220v 60hz Mueller - Lavadora de Roupas Lava e Seca - Magazine Luiza,,,"2.729,90",lavadora-de-roupas-lava-e-seca
17,084212000,Lava e Seca Electrolux 9kg LSI09 - 11 Programas de Lavagem Água Quente - Lavadora de Roupas Lava e Seca - Magazine Luiza,Electrolux,LSI09,-1,lavadora-de-roupas-lava-e-seca
18,691142300,"Lavadora de Roupas 10kg Latina Semiautomática, Branca e Azul, LA551, 220V - Lavadora de Roupas Lava e Seca - Magazine Luiza",,,"446,52",lavadora-de-roupas-lava-e-seca
19,686075200,Lavadora de Roupas 15KG Semiautomática Colormaq LCM15 - Lavadora de Roupas Lava e Seca - Magazine Luiza,,,"599,90",lavadora-de-roupas-lava-e-seca
20,556399500,Lavadora A.pressao Lv1400 Famastil 1400wx127v - Famastil taurus - Lavadora de Roupas Lava e Seca - Magazine Luiza,,,"821,67",lavadora-de-roupas-lava-e-seca
21,595327800,Lavadora Alta Pressao 1500psi 1200w X 127v Tramontina - Lavadora de Roupas Lava e Seca - Magazine Luiza,,,"566,41",lavadora-de-roupas-lava-e-seca
22,641542400,Lava e Seca Evo 7 kg Mueller - Mueller lavadoras - Lavadora de Roupas Lava e Seca - Magazine Luiza,,,"2.399,90",lavadora-de-roupas-lava-e-seca
23,603528200,Lava e Seca Vip 7 kg Mueller - Mueller lavadoras - Lavadora de Roupas Lava e Seca - Magazine Luiza,,,"2.799,90",lavadora-de-roupas-lava-e-seca
24,590072900,Lavadora Roupas 15kg 127v Azul Colormaq - Colormaq - color visao do brasil ind.acrilica - Lavadora de Roupas Lava e Seca - Magazine Luiza,,,"916,00",lavadora-de-roupas-lava-e-seca
25,595160900,Lavadora Roupas 13kg 127v Branca Colormaq - Colormaq - color visao do brasil ind.acrilica - Lavadora de Roupas Lava e Seca - Magazine Luiza,,,"832,72",lavadora-de-roupas-lava-e-seca
26,625360000,Lavadora Special Lava E Seca Easy Dry 7kg 110v 60hz Mueller - Lavadora de Roupas Lava e Seca - Magazine Luiza,,,"2.729,90",lavadora-de-roupas-lava-e-seca
27,662369000,Lavadora de Roupa 15kg Brastemp 2 Cestos BWD15AB - Lavadora de Roupas Lava e Seca - Magazine Luiza,,,"2.799,00",lavadora-de-roupas-lava-e-seca
28,551604200,Máquina de Lavar Roupas Consul 13kg Maxi Economia CWE13  127V Branco - Lavadora de Roupas Lava e Seca - Magazine Luiza,,CWE13AB,"1.989,90",lavadora-de-roupas-lava-e-seca
29,551124500,Máquina de Lavar Roupas Consul 13kg Maxi Economia CWE13  220V Branco - Lavadora de Roupas Lava e Seca - Magazine Luiza,,CWE13AB,"1.989,90",lavadora-de-roupas-lava-e-seca
30,526585400,Máquina de Lavar Roupas Brastemp Double Wash 15kg BWD15 220V Platinum - Lavadora de Roupas Lava e Seca - Magazine Luiza,,BWD15A9,"3.299,90",lavadora-de-roupas-lava-e-seca
31,554558200,Máquina de Lavar Roupas Brastemp Automática 15kg Double Wash 220V Branco - Lavadora de Roupas Lava e Seca - Magazine Luiza,,BWD15AB,"2.899,90",lavadora-de-roupas-lava-e-seca
32,557043700,Máquina de Lavar Roupas Brastemp 9kg BWJ09  220V Branco - Lavadora de Roupas Lava e Seca - Magazine Luiza,,BWJ09AB,"1.739,90",lavadora-de-roupas-lava-e-seca
33,555384200,Máquina de Lavar Roupas Brastemp Agua Fria Ative 9 Kg  127V Branco - Lavadora de Roupas Lava e Seca - Magazine Luiza,,BWJ09AB,"1.739,90",lavadora-de-roupas-lava-e-seca
34,538474600,Máquina de Lavar Roupas Brastemp Automática 15kg Double Wash 127V Branco - Lavadora de Roupas Lava e Seca - Magazine Luiza,,BWD15AB,"2.899,90",lavadora-de-roupas-lava-e-seca
35,543444000,"Lava e Seca LG WD9WE6 Branca com 6 Movimentos de Lavagem - 8,5Kg - Lavadora de Roupas Lava e Seca - Magazine Luiza",,,"2.499,99",lavadora-de-roupas-lava-e-seca
36,597572500,Lava e Seca 8kg Acqua LSC Midea 127V Branco - Lavadora de Roupas Lava e Seca - Magazine Luiza,,,"3.299,90",lavadora-de-roupas-lava-e-seca
37,516889700,Lava e Seca 8kg Acqua LSC Midea 127V Branco - Lavadora de Roupas Lava e Seca - Magazine Luiza,,,"2.999,90",lavadora-de-roupas-lava-e-seca
38,552922900,Lava e Seca 8kg Acqua LSC Midea 220V Branco - Lavadora de Roupas Lava e Seca - Magazine Luiza,,,"2.999,90",lavadora-de-roupas-lava-e-seca
39,572730300,Lava e Seca 8kg Acqua LSC Midea 127V Branco - Lavadora de Roupas Lava e Seca - Magazine Luiza,,,"3.699,90",lavadora-de-roupas-lava-e-seca
40,675311900,Lava e Seca Midea Acqua Prata 12 kg 220V  LSX122 - Lavadora de Roupas Lava e Seca - Magazine Luiza,,,"2.589,00",lavadora-de-roupas-lava-e-seca
41,572017800,Lava e Seca 8kg Acqua LSC Midea 220V Branco - Lavadora de Roupas Lava e Seca - Magazine Luiza,,,"3.299,90",lavadora-de-roupas-lava-e-seca
42,520406500,Lavadora 10Kg Arno Lavete Intense Lm60 - Lm60 - Lavadora de Roupas Lava e Seca - Magazine Luiza,,,"659,00",lavadora-de-roupas-lava-e-seca
43,541094000,Lavadora 4Kg Mueller Super Pop - 600022014 - Lavadora de Roupas Lava e Seca - Magazine Luiza,,,"519,00",lavadora-de-roupas-lava-e-seca
44,609379400,Lava e Seca LG Prime Touch LED 14Kg Branca 127V - WD1014RW - Lavadora de Roupas Lava e Seca - Magazine Luiza,,,"4.999,00",lavadora-de-roupas-lava-e-seca
45,667211800,Lava e Seca 14Kg LG Top Gun WD1014RW Branca - Água Quente com 12 Programas de Lavagem 110V - Lavadora de Roupas Lava e Seca - Magazine Luiza,,,"4.999,00",lavadora-de-roupas-lava-e-seca
46,501044700,Lava e Seca 12kg Acqua LSC Midea 220V Branco - Lavadora de Roupas Lava e Seca - Magazine Luiza,,,"3.699,90",lavadora-de-roupas-lava-e-seca
47,714606700,"Lava e Seca LG Prime Big Door Branca 8,5 kg  220V  WD1485ATAB - Lavadora de Roupas Lava e Seca - Magazine Luiza",,,"2.449,00",lavadora-de-roupas-lava-e-seca
48,717384700,Lava E Seca Midea Prata 12kg 220v - Lavadora de Roupas Lava e Seca - Magazine Luiza,,LSX122,-1,lavadora-de-roupas-lava-e-seca
49,628819800,Lava e Seca LG Prime Touch Branca 11 Kg 220V - WD11WP6A - Lavadora de Roupas Lava e Seca - Magazine Luiza,,,"2.999,00",lavadora-de-roupas-lava-e-seca
50,647102900,Lava e Seca LG Twin Wash Aço Escovado 17kg 220V  WD17VTS6A - Lavadora de Roupas Lava e Seca - Magazine Luiza,,,"9.269,00",lavadora-de-roupas-lava-e-seca
51,576405000,Máquina de Lavar Roupas Brastemp Automática 11kg Ative Bwj11ab  127V Branco - Lavadora de Roupas Lava e Seca - Magazine Luiza,,,"1.819,90",lavadora-de-roupas-lava-e-seca
52,599712800,Máquina de Lavar Roupas Consul 12kg 220V Branco - Lavadora de Roupas Lava e Seca - Magazine Luiza,,CWS12AB,"1.599,90",lavadora-de-roupas-lava-e-seca
53,554161800,Máquina de Lavar Roupas Consul 11Kg CWS11AB 127V Branco - Lavadora de Roupas Lava e Seca - Magazine Luiza,,CWS11AB,"1.569,90",lavadora-de-roupas-lava-e-seca
54,734036300,"Lava e Seca LG Mega Touch Branca 8,5 kg 110V  WD9WE6 - Lavadora de Roupas Lava e Seca - Magazine Luiza",,,"2.499,00",lavadora-de-roupas-lava-e-seca
55,508268600,Máquina de Lavar Roupas Consul 12kg 127V Branco - Lavadora de Roupas Lava e Seca - Magazine Luiza,,CWS12AB,"1.599,90",lavadora-de-roupas-lava-e-seca
56,712107600,Lava e Seca Evo 7kg Mueller 127V Branco - Lavadora de Roupas Lava e Seca - Magazine Luiza,,,"2.299,90",lavadora-de-roupas-lava-e-seca
57,645624400,Lava e Seca Vip 7kg Mueller 220V Branco - Lavadora de Roupas Lava e Seca - Magazine Luiza,,,"2.799,90",lavadora-de-roupas-lava-e-seca
58,625403700,Lava e Seca Vip 7kg Mueller 127V Branco - Lavadora de Roupas Lava e Seca - Magazine Luiza,,,"2.799,90",lavadora-de-roupas-lava-e-seca
59,537390300,Lavadora 5kg Turbilhão Suggar 127V Branco/Azul - Lavadora de Roupas Lava e Seca - Magazine Luiza,,,"379,90",lavadora-de-roupas-lava-e-seca
60,556030800,Lavadora de Roupas Turbilhão Max 7Kg Suggar 127V Branco - Lavadora de Roupas Lava e Seca - Magazine Luiza,,,"409,90",lavadora-de-roupas-lava-e-seca
61,535991700,Lavadora 5kg Turbilhão Suggar 220V Branco - Lavadora de Roupas Lava e Seca - Magazine Luiza,,,"379,90",lavadora-de-roupas-lava-e-seca
62,555924300,Lavadora de Roupas Lavamatic 12Kg Suggar 220V Branco - Lavadora de Roupas Lava e Seca - Magazine Luiza,,,"499,90",lavadora-de-roupas-lava-e-seca
63,552919000,Lavadora de Roupas Lavamatic 12Kg Suggar 127V Branco - Lavadora de Roupas Lava e Seca - Magazine Luiza,,,"499,90",lavadora-de-roupas-lava-e-seca
64,508929800,Lavadora de Roupas Lavamatic 12Kg Suggar 220V Preto - Lavadora de Roupas Lava e Seca - Magazine Luiza,,,"499,90",lavadora-de-roupas-lava-e-seca
65,556651800,Lavadora de Roupas Lavamatic 12Kg Suggar 127V Preto - Lavadora de Roupas Lava e Seca - Magazine Luiza,,,"499,90",lavadora-de-roupas-lava-e-seca
66,702421900,Lava e Seca Evo 7kg Mueller 220V Branco - Lavadora de Roupas Lava e Seca - Magazine Luiza,,,"2.299,90",lavadora-de-roupas-lava-e-seca
67,667959200,Lavadora de Roupas Colormaq 15 Kg LCA15 Branca - Lavadora de Roupas Lava e Seca - Magazine Luiza,,,-1,lavadora-de-roupas-lava-e-seca
68,547905100,"Lavadora e Secadora de Roupas Panasonic 10,2 Kg NA-S107F2WB Inverter Branca - Lavadora de Roupas Lava e Seca - Magazine Luiza",,,"2.299,00",lavadora-de-roupas-lava-e-seca
69,651757800,"Lavadora e Secadora de Roupas Samsung 8,5 Kg WD85M Ecobuble Branca 220V - Lavadora de Roupas Lava e Seca - Magazine Luiza",,,"2.349,00",lavadora-de-roupas-lava-e-seca
70,516694100,Lava e Seca Automática LG Top Gun 14 kg 12 Programas de Lavagem SD WD1014RD - Lavadora de Roupas Lava e Seca - Magazine Luiza,,,"5.499,90",lavadora-de-roupas-lava-e-seca
71,550353500,"Lavadoura e Secadora de Roupas Samsung 10,2 Kg WD10 Ecobubble Prata 220V - Lavadora de Roupas Lava e Seca - Magazine Luiza",,,"2.699,00",lavadora-de-roupas-lava-e-seca
72,684397700,Lavadora de Roupas Electrolux Automática 16kg Branca 127v LAC16 - Lavadora de Roupas Lava e Seca - Magazine Luiza,,,"1.699,00",lavadora-de-roupas-lava-e-seca
73,773787900,"Lavadora e Secadora Samsung WD6000 10,2Kg Inox 220V WD10J6410AXFAZ - Lavadora de Roupas Lava e Seca - Magazine Luiza",,,"3.499,00",lavadora-de-roupas-lava-e-seca
74,534064600,Lavadora De Roupas 4 Kg Lis Tankinho - 11010001 - Wanke - Lavadora de Roupas Lava e Seca - Magazine Luiza,,,"449,00",lavadora-de-roupas-lava-e-seca
75,581410600,"Lava/Seca 10,1 Panasonic Inverter S1107F2WBZ Classe A 110V Branca - Lavadora de Roupas Lava e Seca - Magazine Luiza",,,"3.539,99",lavadora-de-roupas-lava-e-seca
76,219059200,Lava e Seca Panasonic 12kg NA-S128F2WBZ - 13 Programas de Lavagem Água Quente - Lavadora de Roupas Lava e Seca - Magazine Luiza,Panasonic,NA-S107F2W,"3.372,41",lavadora-de-roupas-lava-e-seca
77,557647500,Máquina de Lavar Roupas Consul Automática 11kg 220V Branco - Lavadora de Roupas Lava e Seca - Magazine Luiza,,CWS11AB,"1.569,90",lavadora-de-roupas-lava-e-seca
78,698761900,Lavadora de Roupas Semi-Automática Colormaq 10 Kg LCB10 Preta - Lavadora de Roupas Lava e Seca - Magazine Luiza,,,"359,00",lavadora-de-roupas-lava-e-seca
79,601995300,Lavadora Electrolux 13kg com Dispenser Autolimpante - LAC13 - Lavadora de Roupas Lava e Seca - Magazine Luiza,,,"1.439,90",lavadora-de-roupas-lava-e-seca
80,587149900,Detergente em Pó para Cafeteira Express Tramontina Original - Tramontina by breville - Lavadora de Roupas Lava e Seca - Magazine Luiza,,,"20,14",lavadora-de-roupas-lava-e-seca
81,673616200,Lavadora de Roupas Colormaq 11.5 Kg LCA12 Preta - Lavadora de Roupas Lava e Seca - Magazine Luiza,,,"1.099,00",lavadora-de-roupas-lava-e-seca
82,590449700,Lavadora de Roupa Panasonic 16kg 9 Programas de Lavagem NA-F160P5XA - Panasonic l.branca - Lavadora de Roupas Lava e Seca - Magazine Luiza,,,"2.299,00",lavadora-de-roupas-lava-e-seca
83,543996700,Lavadora de Roupa Wanke 5Kg Space Semiautomática com Timer e Lavagem por Agitação - Lavadora de Roupas Lava e Seca - Magazine Luiza,,,"419,10",lavadora-de-roupas-lava-e-seca
84,600536700,Lavadora de Roupas Automática 11.5KG Colormaq LCA12 - Lavadora de Roupas Lava e Seca - Magazine Luiza,,,"1.129,90",lavadora-de-roupas-lava-e-seca
85,548573200,Lavadora de Roupas Electrolux Automática 8.5kg LAC09 - Lavadora de Roupas Lava e Seca - Magazine Luiza,,,"1.299,90",lavadora-de-roupas-lava-e-seca
86,679323400,Lavadora e Secadora Samsung WD700 15 kg Inox 110V WD15H7300KP/AZ - Lavadora de Roupas Lava e Seca - Magazine Luiza,,,"5.999,00",lavadora-de-roupas-lava-e-seca
87,540655700,"Lavadora de Roupas Samsung Lava e Seca 10,2kg Inox 127v WD4000 - Lavadora de Roupas Lava e Seca - Magazine Luiza",,,"3.299,00",lavadora-de-roupas-lava-e-seca
88,641343800,Lava E Seca Midea Branca 8kg 127v - Lavadora de Roupas Lava e Seca - Magazine Luiza,,,"1.998,99",lavadora-de-roupas-lava-e-seca
89,570030400,Conjunto Lavadora e Secadora de Roupas de Parede Wanke Branco - Lavadora de Roupas Lava e Seca - Magazine Luiza,,,"729,80",lavadora-de-roupas-lava-e-seca
90,670285800,Lavadora de Roupa 10Kg New Up - Newmaq - Lavadora de Roupas Lava e Seca - Magazine Luiza,,,"429,00",lavadora-de-roupas-lava-e-seca
91,687638800,Lava e Seca LG Prime Touch Branca 11 Kg 110V - WD11WP6 - Lavadora de Roupas Lava e Seca - Magazine Luiza,,,"2.999,00",lavadora-de-roupas-lava-e-seca
92,598528300,Lavadora de Roupas Wanke 10Kg Bárbara - Lavadora de Roupas Lava e Seca - Magazine Luiza,,,"349,90",lavadora-de-roupas-lava-e-seca
93,215900600,Lava e Seca Samsung 9kg Inox WD6000 - WD90J6410AX 13 Programas de Lavagem - Lavadora de Roupas Lava e Seca - Magazine Luiza,Samsung,WD6000,"3.476,91",lavadora-de-roupas-lava-e-seca
94,662333500,Lava e Seca 14Kg LG Top Gun WD1014RD7 Aço Escovado - Água Quente com 12 Programas de Lavagem 110V - Lavadora de Roupas Lava e Seca - Magazine Luiza,,,"5.399,00",lavadora-de-roupas-lava-e-seca
95,559552300,Lavadora E Secadora Ecobubble 8.5Kg Branca - Samsung - Lavadora de Roupas Lava e Seca - Magazine Luiza,,,"2.599,00",lavadora-de-roupas-lava-e-seca
96,522629400,Lavadora E Secadora Wd7000 15Kg Inox Look - Samsung - Lavadora de Roupas Lava e Seca - Magazine Luiza,,,"6.999,00",lavadora-de-roupas-lava-e-seca
97,531379800,Lavadora Front Load Add Wash 15Kg Inox - Samsung - Lavadora de Roupas Lava e Seca - Magazine Luiza,,,"6.299,00",lavadora-de-roupas-lava-e-seca
98,539187300,Lavadora E Secadora Ecobubble 10.2Kg Branca - Samsung - Lavadora de Roupas Lava e Seca - Magazine Luiza,,,"2.799,00",lavadora-de-roupas-lava-e-seca
99,696871200,Lavadora de Roupas Semi-Automática Colormaq 13 Kg LCM13 Branca - Lavadora de Roupas Lava e Seca - Magazine Luiza,,,"449,00",lavadora-de-roupas-lava-e-seca
100,691118700,"Lavadora de Roupas Midea Lava  Seca Acqua 10,1Kg Branca 127v LSA101 - Lavadora de Roupas Lava e Seca - Magazine Luiza",,,"2.249,00",lavadora-de-roupas-lava-e-seca
101,639915300,Lava e Seca LG Prime Top Gun 14Kg Aço Escovado 127V - WD1014RD7 - Lavadora de Roupas Lava e Seca - Magazine Luiza,,,"5.399,00",lavadora-de-roupas-lava-e-seca
102,685409000,"Lava e Seca, Samsung, 10.4kg, WD10M44530W - Samsung l.branca - Lavadora de Roupas Lava e Seca - Magazine Luiza",,,"2.599,90",lavadora-de-roupas-lava-e-seca
103,689348200,Lavadora Semiautomática 4.5 kg Plus - Mueller - Mueller lavadoras - Lavadora de Roupas Lava e Seca - Magazine Luiza,,,"629,90",lavadora-de-roupas-lava-e-seca
104,635423100,Lavadora New Up 10kg com Dispenser 3437 - Newmaq - Lavadora de Roupas Lava e Seca - Magazine Luiza,,,"399,90",lavadora-de-roupas-lava-e-seca
105,654771500,Lavadora de Roupas 2.7Kg New Pioneer Colormaq Automática - Lavadora de Roupas Lava e Seca - Magazine Luiza,,,"269,90",lavadora-de-roupas-lava-e-seca
106,681148400,Lavadora de Roupas Semi-Automática Colormaq 12Kg LCB12 Azul - Lavadora de Roupas Lava e Seca - Magazine Luiza,,,"399,00",lavadora-de-roupas-lava-e-seca
107,696762800,Lavadora de Roupas 2.7Kg New Pioneer Colormaq Automática - Lavadora de Roupas Lava e Seca - Magazine Luiza,,,"269,90",lavadora-de-roupas-lava-e-seca
108,551095100,Lavadora Seine 10.1Kg Branca - Samsung - Lavadora de Roupas Lava e Seca - Magazine Luiza,,,"2.299,00",lavadora-de-roupas-lava-e-seca
109,601848500,Lavadora de Roupas Wanke 12kg Isabela - Lavadora de Roupas Lava e Seca - Magazine Luiza,,,"369,90",lavadora-de-roupas-lava-e-seca
110,669586600,"Lava  Seca Mega Touch 6 Motion 8,5 kg 127V Branca WD9WE6.A - LG - Lavadora de Roupas Lava e Seca - Magazine Luiza",,,"2.499,00",lavadora-de-roupas-lava-e-seca
111,728544000,"Lava e Seca LG Mega Touch 6 Motion 8,5 kg 127V Branca WD9WE6.A - Lavadora de Roupas Lava e Seca - Magazine Luiza",,,"2.699,00",lavadora-de-roupas-lava-e-seca
112,613092500,"Lavadora de Roupas Colormaq LCA12 11,5Kg  Branca - Lavadora de Roupas Lava e Seca - Magazine Luiza",,,"1.099,00",lavadora-de-roupas-lava-e-seca
113,527354800,Secadora A Gas Front Load 18Kg Inox - Samsung - Lavadora de Roupas Lava e Seca - Magazine Luiza,,,"5.999,00",lavadora-de-roupas-lava-e-seca
114,664726500,Lavadora de Roupas Midea Lava  Seca Acqua 8 Kg Branca 220v LSA082 - Lavadora de Roupas Lava e Seca - Magazine Luiza,,,"1.949,00",lavadora-de-roupas-lava-e-seca
115,650565600,Lava e Seca 11Kg LG Prime Touch 11Kg 127V Branca 14 Programas de Lavagem - Lavadora de Roupas Lava e Seca - Magazine Luiza,,,"3.199,00",lavadora-de-roupas-lava-e-seca
116,664535000,Lava e Seca 11Kg LG Prime Touch 11Kg 127V Branca 14 Programas de Lavagem - Lavadora de Roupas Lava e Seca - Magazine Luiza,,,"3.199,00",lavadora-de-roupas-lava-e-seca
117,504497800,"Lavadoura e Secadora de Roupas Samsung 10,2 Kg WD10 Ecobubble Prata 110V - Lavadora de Roupas Lava e Seca - Magazine Luiza",,,"2.499,00",lavadora-de-roupas-lava-e-seca
118,695858900,Lavadora de Roupas Semi-Automática Arno 10 Kg ML60 Lavete Intense Branca - Lavadora de Roupas Lava e Seca - Magazine Luiza,,,"409,00",lavadora-de-roupas-lava-e-seca
119,679517700,Lavadora de Roupas Lava e Seca Branca 9KG 220V - Samsung - Lavadora de Roupas Lava e Seca - Magazine Luiza,,,"2.999,00",lavadora-de-roupas-lava-e-seca
120,624103600,Lavadora de Roupas Lava e Seca Branca 9KG 127V - Samsung - Lavadora de Roupas Lava e Seca - Magazine Luiza,,,"2.999,00",lavadora-de-roupas-lava-e-seca
121,714606600,Lava e Seca LG Top Gun Branca 14 kg 110V  WD1014RW - Lavadora de Roupas Lava e Seca - Magazine Luiza,,,"4.187,00",lavadora-de-roupas-lava-e-seca
122,614716000,"Lava e Seca LG Prime Touch LED 8,5Kg Branca 127V - WD1485ATB - Lavadora de Roupas Lava e Seca - Magazine Luiza",,,"2.399,00",lavadora-de-roupas-lava-e-seca
123,668289600,"Lava e Seca LG Prime Touch LED 8,5Kg Branca 220V - WD1485ATAB - Lavadora de Roupas Lava e Seca - Magazine Luiza",,,"2.799,00",lavadora-de-roupas-lava-e-seca
124,609926800,"Lavadora de Roupas Midea Lava  Seca Acqua 10,1Kg Branca 220v LSA102 - Lavadora de Roupas Lava e Seca - Magazine Luiza",,,"2.249,00",lavadora-de-roupas-lava-e-seca
125,644833500,"Lavadora de Roupas Lava e Seca Branca 10,2KG 127V - Samsung - Lavadora de Roupas Lava e Seca - Magazine Luiza",,,"3.299,00",lavadora-de-roupas-lava-e-seca
126,551771700,Lava e Seca LG Smart Care Prime Touch 11kg - WD11WP6  - 110v - Lavadora de Roupas Lava e Seca - Magazine Luiza,,,"2.599,99",lavadora-de-roupas-lava-e-seca
127,695794500,Lavadora de Roupas 2.5kg Semiautomática New Up Atlanta 3473 - Newup - Lavadora de Roupas Lava e Seca - Magazine Luiza,,,"248,90",lavadora-de-roupas-lava-e-seca
128,639139900,Lavadora de Roupas Electrolux 08 kg LT08E - Lavadora de Roupas Lava e Seca - Magazine Luiza,,,"1.089,90",lavadora-de-roupas-lava-e-seca
129,611548800,Lava e Seca 11Kg LG Prime Touch 11Kg 220V Branca 14 Programas de Lavagem - Lavadora de Roupas Lava e Seca - Magazine Luiza,,,"2.999,00",lavadora-de-roupas-lava-e-seca
130,642049400,Lava e Seca 11Kg LG Prime Touch 11Kg 220V Branca 14 Programas de Lavagem - Lavadora de Roupas Lava e Seca - Magazine Luiza,,,"2.999,00",lavadora-de-roupas-lava-e-seca
131,557668800,Lavadora de Roupas Brastemp 11Kg BWJ11AB com Turbo Performance - Lavadora de Roupas Lava e Seca - Magazine Luiza,,,"1.498,80",lavadora-de-roupas-lava-e-seca
132,535227100,Lavadora e Secadora Samsung WD7000 15 Kg Branca 110V WD15H7300KW/AZ - Lavadora de Roupas Lava e Seca - Magazine Luiza,,,"5.299,00",lavadora-de-roupas-lava-e-seca
133,604927300,Lavadora de Roupas 7Kg Semiautomática Colormaq LCM7 - Lavadora de Roupas Lava e Seca - Magazine Luiza,,,"339,00",lavadora-de-roupas-lava-e-seca
134,682497700,"Lava  Seca Mega Touch 6 Motion 8,5 kg 220V Branca WD9WE6A.A - LG - Lavadora de Roupas Lava e Seca - Magazine Luiza",,,"2.949,00",lavadora-de-roupas-lava-e-seca
135,555617400,Lavadora Ww4000 8.5 Kg Branca - Samsung - Lavadora de Roupas Lava e Seca - Magazine Luiza,,,"1.999,00",lavadora-de-roupas-lava-e-seca
136,616703800,Lavadora de Roupas Semi-Automática Colormaq 10 Kg LCB10 Branca - Lavadora de Roupas Lava e Seca - Magazine Luiza,,,"359,00",lavadora-de-roupas-lava-e-seca
137,714286200,"Lava e Seca LG Prime Big Door Aço Escovado 8,5 kg 110V  WD1485AT7B - Lavadora de Roupas Lava e Seca - Magazine Luiza",,,"2.599,00",lavadora-de-roupas-lava-e-seca
138,721870800,"Lava e Seca LG Prime Big Door Aço Escovado 8,5 kg 220V  WD1485ATA7B - Lavadora de Roupas Lava e Seca - Magazine Luiza",,,"2.599,00",lavadora-de-roupas-lava-e-seca
139,706098400,Lava e Seca LG Top Gun Branca 14 kg 220V  WD1014RWA - Lavadora de Roupas Lava e Seca - Magazine Luiza,,,"4.187,00",lavadora-de-roupas-lava-e-seca
140,516681700,Lavadora E Secadora Ecobubble 10.2Kg Prata - Samsung - Lavadora de Roupas Lava e Seca - Magazine Luiza,,,"3.059,00",lavadora-de-roupas-lava-e-seca
141,629622400,Lavadora de Roupas Consul 12kg com Eco Enxágue CWS12ABBNA - Lavadora de Roupas Lava e Seca - Magazine Luiza,,,"1.499,00",lavadora-de-roupas-lava-e-seca
142,732674900,Lava e Seca Top Load Wi-Fi 12Kg (LSW12) - Electrolux - Lavadora de Roupas Lava e Seca - Magazine Luiza,,,"4.099,00",lavadora-de-roupas-lava-e-seca
143,668075300,Lavadora Brastemp 15 KG 7 Programas de Lavagem BWH15AB - Lavadora de Roupas Lava e Seca - Magazine Luiza,,,"1.989,90",lavadora-de-roupas-lava-e-seca
144,696557400,Lavadora de Roupas Automática 16Kg Electrolux Turbo LAC16 - Lavadora de Roupas Lava e Seca - Magazine Luiza,,,"1.759,90",lavadora-de-roupas-lava-e-seca
145,714246200,Lava E Seca Midea Branca 10kg 127v - Lavadora de Roupas Lava e Seca - Magazine Luiza,,LSA101,"1.998,99",lavadora-de-roupas-lava-e-seca
146,593215500,Lavadora Prime Washer LG 11kg - WM11WPS6 - 110v - Lavadora de Roupas Lava e Seca - Magazine Luiza,,,"2.249,99",lavadora-de-roupas-lava-e-seca
147,572601600,Lavadora Prime Wash LG 11kg - 220v - Lavadora de Roupas Lava e Seca - Magazine Luiza,,,"2.249,99",lavadora-de-roupas-lava-e-seca
148,619926100,Lavadora de Roupas 4Kg Wanke Semi Automática Lis - Lavadora de Roupas Lava e Seca - Magazine Luiza,,,"259,90",lavadora-de-roupas-lava-e-seca
149,680065400,Lavadora Semiautomática Mueller Plus 4.5 KG Timer Superior 3 Programas Agitador Eficiente - Mueller lavadoras - Lavadora de Roupas Lava e Seca - Magazine Luiza,,,"589,90",lavadora-de-roupas-lava-e-seca
150,519593700,Lavadora E Secadora Wd6000J 9Kg Branca - Samsung - Lavadora de Roupas Lava e Seca - Magazine Luiza,,,"2.699,00",lavadora-de-roupas-lava-e-seca
151,685420800,Lavadora de Roupas 5Kg Pop Tank Semi Automática Mueller - Mueller lavadoras - Lavadora de Roupas Lava e Seca - Magazine Luiza,,,"379,90",lavadora-de-roupas-lava-e-seca
152,616894000,Lavadora de Roupas Mueller Family 10kg - Lavadora de Roupas Lava e Seca - Magazine Luiza,,,"399,90",lavadora-de-roupas-lava-e-seca
153,608493500,Lavadora de Roupas Midea Lava  Seca Acqua 8 Kg Branca 127v LSA081 - Lavadora de Roupas Lava e Seca - Magazine Luiza,,,"1.949,00",lavadora-de-roupas-lava-e-seca
154,202972800,"Lava e Seca Samsung 10,1kg WD106UHSAWQ - 14 Programas de Lavagem Água Quente - Lavadora de Roupas Lava e Seca - Magazine Luiza",Samsung,WD106UHSAWQ,-1,lavadora-de-roupas-lava-e-seca
155,213970200,Lava e Seca Samsung 15kg Inox WD7000 - 13 Programas de Lavagem - Lavadora de Roupas Lava e Seca - Magazine Luiza,Samsung,WD7000,-1,lavadora-de-roupas-lava-e-seca
156,218181300,Lava e Seca LG 17Kg TWINWash - 14 Programas de Lavagem - Lavadora de Roupas Lava e Seca - Magazine Luiza,LG,TWINWash,-1,lavadora-de-roupas-lava-e-seca
157,219039400,"Lava e Seca Samsung 10,2Kg AddWash   - WD10K6410OX/AZ 14 Programas de Lavagem - Lavadora de Roupas Lava e Seca - Magazine Luiza",Samsung,WD10K6410OX/AZ,-1,lavadora-de-roupas-lava-e-seca
158,543347200,"Lavadora e Secadora de Roupas Samsung 10,2 Kg WD10 Ecobuble Branca 220V - Lavadora de Roupas Lava e Seca - Magazine Luiza",,,-1,lavadora-de-roupas-lava-e-seca
159,765607900,Lava e Seca 15KG Top Load LSW15 - Electrolux - Lavadora de Roupas Lava e Seca - Magazine Luiza,,,-1,lavadora-de-roupas-lava-e-seca
160,613302800,Lava e Seca 14Kg LG Top Gun WD1014RDA7 Aço Escovado - Água Quente com 12 Programas de Lavagem 220V - Lavadora de Roupas Lava e Seca - Magazine Luiza,,,-1,lavadora-de-roupas-lava-e-seca
161,636556200,Lava e Seca Midea Acqua Branca 8 kg 220V  LSA082 - Lavadora de Roupas Lava e Seca - Magazine Luiza,,,-1,lavadora-de-roupas-lava-e-seca
162,715042000,Lava e seca lg titan aço escovado 16 kg 220v - wd1316ada7 - Lg - Lavadora de Roupas Lava e Seca - Magazine Luiza,,,-1,lavadora-de-roupas-lava-e-seca
163,709242800,Lava e seca lg titan aço escovado 16 kg 110v - wd1316ad7 - Lg - Lavadora de Roupas Lava e Seca - Magazine Luiza,,,-1,lavadora-de-roupas-lava-e-seca
164,667093300,"Lava e seca lg prime touch led 8,5kg aço escovado 220v - wd1485ata7b - Lavadora de Roupas Lava e Seca - Magazine Luiza",,,-1,lavadora-de-roupas-lava-e-seca
165,600750600,"Lava e seca 8,5kg lg direct drive wd1485ata7b aço escovado - água quente com 14 programas de lavagem 220v - Lavadora de Roupas Lava e Seca - Magazine Luiza",,,-1,lavadora-de-roupas-lava-e-seca
166,603057400,Lava e seca 14kg lg top gun wd1014rwa branca - água quente com 12 programas de lavagem 220v - Lg - Lavadora de Roupas Lava e Seca - Magazine Luiza,,,-1,lavadora-de-roupas-lava-e-seca
167,619796400,"Lava e Seca Acqua Branca com Modo Eco Rápido 10,1 kg LSA10 - Midea - Lavadora de Roupas Lava e Seca - Magazine Luiza",,,-1,lavadora-de-roupas-lava-e-seca
168,638472500,"Lava e Seca 10,1Kg Acqua LSA10 Branca Midea - Lavadora de Roupas Lava e Seca - Magazine Luiza",,,-1,lavadora-de-roupas-lava-e-seca
169,741184500,Lavadora Special Lava e Seca Easy Dry 7kg Mueller Branco - Lavadora de Roupas Lava e Seca - Magazine Luiza,,,-1,lavadora-de-roupas-lava-e-seca
170,768323500,Lavadora Special Lava e Seca Easy Dry 7kg Mueller Branco - Lavadora de Roupas Lava e Seca - Magazine Luiza,,,-1,lavadora-de-roupas-lava-e-seca
171,682952600,Lavadora de Roupas Semi-Automática Colormaq 7Kg Branca - Lavadora de Roupas Lava e Seca - Magazine Luiza,,,-1,lavadora-de-roupas-lava-e-seca
172,711987000,Lavadora  Premium Lava E Seca 7 Kg Seca 4 Kg Special Mueller - Lavadora de Roupas Lava e Seca - Magazine Luiza,,,-1,lavadora-de-roupas-lava-e-seca
173,703553500,Lavadora Secadora De Roupa Popmatic 6Kg 550W 220V Branca Mueller - Lavadora de Roupas Lava e Seca - Magazine Luiza,,,-1,lavadora-de-roupas-lava-e-seca
174,637469800,"Lavadora de Roupas Automática 15KG, 5 Programas de Lavagem Colormaq - LCA15 - Lavadora de Roupas Lava e Seca - Magazine Luiza",,,-1,lavadora-de-roupas-lava-e-seca
175,716630900,Lavadora Secadora De Roupa Vip 7Kg 350W 110V Branca Mueller - Lavadora de Roupas Lava e Seca - Magazine Luiza,,,-1,lavadora-de-roupas-lava-e-seca
176,723303000,Lavadora Secadora De Roupa 7Kg 350W 220V Branca Mueller - Lavadora de Roupas Lava e Seca - Magazine Luiza,,,-1,lavadora-de-roupas-lava-e-seca
177,737656700,Lavadora Secadora De Roupa 7Kg 350W 110V Branca Mueller - Lavadora de Roupas Lava e Seca - Magazine Luiza,,,-1,lavadora-de-roupas-lava-e-seca
178,730271600,Lavadora Secadora De Roupa Vip 7Kg 350W 220V Branca Mueller - Lavadora de Roupas Lava e Seca - Magazine Luiza,,,-1,lavadora-de-roupas-lava-e-seca
179,763950500,"Lava e Seca 8,5Kg LG Direct Drive WD1485AT7B Aço Escovado - Água Quente com 14 Programas de Lavagem 110V - Lavadora de Roupas Lava e Seca - Magazine Luiza",,,-1,lavadora-de-roupas-lava-e-seca
180,753667500,"Lava e Seca 10,2Kg LG Direct Drive WD1412RT7B Aço Escovado - Água Quente com 14 Programas de Lavagem 110V - Lavadora de Roupas Lava e Seca - Magazine Luiza",,,-1,lavadora-de-roupas-lava-e-seca
181,606036500,Lava e Seca 11Kg LG Prime Touch 11Kg 127V Aço Escovado 14 Programas de Lavagem - Lavadora de Roupas Lava e Seca - Magazine Luiza,,,-1,lavadora-de-roupas-lava-e-seca
182,624917600,Lava e Seca 11Kg LG Prime Touch 11Kg 220V Aço Escovado 14 Programas de Lavagem - Lavadora de Roupas Lava e Seca - Magazine Luiza,,,-1,lavadora-de-roupas-lava-e-seca
183,778772800,"Lava e Seca 10,2 kg Touch Led - WD1412RT - LG - Lg linha branca - Lavadora de Roupas Lava e Seca - Magazine Luiza",,,-1,lavadora-de-roupas-lava-e-seca
184,706475800,Lava e Seca Samsung WD6000J 220V 10.2Kg Branca - Lavadora de Roupas Lava e Seca - Magazine Luiza,,,-1,lavadora-de-roupas-lava-e-seca
185,717143600,Lava E Seca Midea Branca 10kg 220v - Lavadora de Roupas Lava e Seca - Magazine Luiza,,LSA102,-1,lavadora-de-roupas-lava-e-seca
186,716969800,Lava E Seca Midea Branca 8kg 220v - Lavadora de Roupas Lava e Seca - Magazine Luiza,,LSA082,-1,lavadora-de-roupas-lava-e-seca
187,601575700,Lava e Seca 11Kg LG Prime Touch 11Kg 127V Aco Escovado 14 Programas de Lavagem - Lavadora de Roupas Lava e Seca - Magazine Luiza,,,-1,lavadora-de-roupas-lava-e-seca
188,620492600,Lava e Seca 11Kg LG Prime Touch 11Kg 220V Aco Escovado 14 Programas de Lavagem - Lavadora de Roupas Lava e Seca - Magazine Luiza,,,-1,lavadora-de-roupas-lava-e-seca
189,648132800,Lavadora e Secadora de Roupas Samsung 10.2 Kg WD10 AddWash Inox 220V - Lavadora de Roupas Lava e Seca - Magazine Luiza,,,-1,lavadora-de-roupas-lava-e-seca
190,715847400,Lavadora e Secadora Eco Vapor 12Kg (LSE12) - Electrolux - Lavadora de Roupas Lava e Seca - Magazine Luiza,,LSE12,"9.999,00",lavadora-de-roupas-lava-e-seca
191,779102300,"Lava e Seca 10,2 kg Touch Led - WD1412RT - LG - Lg linha branca - Lavadora de Roupas Lava e Seca - Magazine Luiza",,,-1,lavadora-de-roupas-lava-e-seca
192,675913900,"Lavadora e Secadora 10,2 Kg WD10J6410AX Samsung - Samsung l.branca - Lavadora de Roupas Lava e Seca - Magazine Luiza",,,-1,lavadora-de-roupas-lava-e-seca
193,615499500,Lavadora de Roupas Tanquinho 6Kg Automático Colormaq LCM6 - Lavadora de Roupas Lava e Seca - Magazine Luiza,,,-1,lavadora-de-roupas-lava-e-seca
194,585983500,Lavadora de Roupas 16kg Consul - CWL16AB - Lavadora de Roupas Lava e Seca - Magazine Luiza,,,-1,lavadora-de-roupas-lava-e-seca
195,792381200,Lava e Seca 9Kg Samsung Branca - Água Quente com 12 Programas de Lavagem 127V  WD90J6410AW - Lavadora de Roupas Lava e Seca - Magazine Luiza,,,-1,lavadora-de-roupas-lava-e-seca
196,585498200,Lava e Seca LG Twin Wash 17KG 14 Programas de Lavagem Conexão Wi-fi WD17VTS6 - Lavadora de Roupas Lava e Seca - Magazine Luiza,,,"8.599,90",lavadora-de-roupas-lava-e-seca
197,690581000,Lava e Seca 12Kg Acqua LSX12 Prata Midea - Lavadora de Roupas Lava e Seca - Magazine Luiza,,,-1,lavadora-de-roupas-lava-e-seca
198,635686700,Lavadora de Roupas Panasonic 16Kg NA-F160B5WA Econavi e Espuma Ativa Branca 220V - Lavadora de Roupas Lava e Seca - Magazine Luiza,,,-1,lavadora-de-roupas-lava-e-seca
199,653395700,"Lavadora e Secadora Samsung WD6000 10,2Kg Inox 110V WD10J6410AX/AZ - Lavadora de Roupas Lava e Seca - Magazine Luiza",,,-1,lavadora-de-roupas-lava-e-seca
200,611056000,Lava e Seca LG Prime Aço Escovado 11 Kg 110V  WD11EP6 - Lavadora de Roupas Lava e Seca - Magazine Luiza,,,-1,lavadora-de-roupas-lava-e-seca
201,619136900,"Lava e Seca Midea Acqua Branca 10,1 kg 110V  LSA101 - Lavadora de Roupas Lava e Seca - Magazine Luiza",,,-1,lavadora-de-roupas-lava-e-seca
202,639574700,Lava e Seca LG Prime Aço Escovado 11 Kg 220V  WD11EP6A - Lavadora de Roupas Lava e Seca - Magazine Luiza,,,-1,lavadora-de-roupas-lava-e-seca
203,660660800,"Lavadora de Roupas Electrolux 8,5kg LAC09 Branca - Lavadora de Roupas Lava e Seca - Magazine Luiza",,,-1,lavadora-de-roupas-lava-e-seca
204,701699200,"Lava e Seca LG Prime Big Door Aço Escovado 10,2 kg 110V  WD1412RT7B - Lavadora de Roupas Lava e Seca - Magazine Luiza",,,-1,lavadora-de-roupas-lava-e-seca
205,729272200,"Lava e Seca LG Prime Big Door Branca 8,5 kg  110V  WD1485ATB - Lavadora de Roupas Lava e Seca - Magazine Luiza",,,-1,lavadora-de-roupas-lava-e-seca
206,738249400,Lava e Seca LG Top Gun Aço Escovado 14 kg 220V  WD1014RDA7 - Lavadora de Roupas Lava e Seca - Magazine Luiza,,,-1,lavadora-de-roupas-lava-e-seca
207,646096900,"Lavadora de Roupas Samsung  Lava e Seca Branca 10,2KG 127V - Lavadora de Roupas Lava e Seca - Magazine Luiza",,,-1,lavadora-de-roupas-lava-e-seca
208,722719500,Lava e Seca LG Top Gun Aço Escovado 14 kg 110V  WD1014RD7 - Lavadora de Roupas Lava e Seca - Magazine Luiza,,,-1,lavadora-de-roupas-lava-e-seca
209,573117900,"Lavadora de Roupas Samsung Lava e Seca 10,2kg Inox 220v WD4000 - Lavadora de Roupas Lava e Seca - Magazine Luiza",,,-1,lavadora-de-roupas-lava-e-seca
210,620220500,"Lavadora e Secadora de Roupas Samsung 10,2 kg WD10J6410AX EcoBubble Inox Look - Lavadora de Roupas Lava e Seca - Magazine Luiza",,,-1,lavadora-de-roupas-lava-e-seca
211,641499000,Lavadora de Roupas Midea Lava  Seca Acqua 12kg Prata 220v LSX122 - Lavadora de Roupas Lava e Seca - Magazine Luiza,,,-1,lavadora-de-roupas-lava-e-seca
212,606709800,"Lavadora e Secadora de Roupas Samsung 10,2 kg WD10J6410AX EcoBubble Inox Look 220V - Lavadora de Roupas Lava e Seca - Magazine Luiza",,,-1,lavadora-de-roupas-lava-e-seca
213,647910500,"Lavadora e Secadora de Roupas Samsung 10,2 Kg WD10 Ecobuble Branca - Lavadora de Roupas Lava e Seca - Magazine Luiza",,,-1,lavadora-de-roupas-lava-e-seca
214,627913800,Lavadora e Secadora de Roupas Panasonic 12 Kg NA-S128F2WBZ Inverter Branca - Lavadora de Roupas Lava e Seca - Magazine Luiza,,,-1,lavadora-de-roupas-lava-e-seca
215,637930200,"Lava e Seca 8,5Kg LG Direct Drive WD1485ATB - Água Quente com 14 Programas de Lavagem Branca 110V - Lavadora de Roupas Lava e Seca - Magazine Luiza",,,-1,lavadora-de-roupas-lava-e-seca
216,590149500,Lavadora/Secadora AddWash 10.2Kg inox - Samsung - Lavadora de Roupas Lava e Seca - Magazine Luiza,,,-1,lavadora-de-roupas-lava-e-seca
217,533266600,Lavadora 10kg Desligamento Automático Lavamax Eco Suggar 220V Branco - Lavadora de Roupas Lava e Seca - Magazine Luiza,,,-1,lavadora-de-roupas-lava-e-seca
218,610867900,"Lavadora de Roupas Samsung 10,1 Kg WF106U4SAWQ/AZ EcoBubble Branca - Lavadora de Roupas Lava e Seca - Magazine Luiza",,,-1,lavadora-de-roupas-lava-e-seca
219,584200100,Lavadora de Roupas Electrolux LTD13 13kg Classe A - Lavadora de Roupas Lava e Seca - Magazine Luiza,,,-1,lavadora-de-roupas-lava-e-seca
220,687868400,"Lava e Seca Midea Acqua Branca 10,1 kg 220V  LSA102 - Lavadora de Roupas Lava e Seca - Magazine Luiza",,,-1,lavadora-de-roupas-lava-e-seca
221,547019200,"Lavadora de Roupas Lava e Seca Inox Look 10,2KG 220V - Samsung - Lavadora de Roupas Lava e Seca - Magazine Luiza",,,-1,lavadora-de-roupas-lava-e-seca
222,691913700,"Lavadora e Secadora de Roupas Samsung 8,5 Kg WD85M Ecobuble Branca - Lavadora de Roupas Lava e Seca - Magazine Luiza",,,-1,lavadora-de-roupas-lava-e-seca
223,702937800,"Lava e Seca LG Mega Touch Branca 8,5 kg 220V  WD9WE6A - Lavadora de Roupas Lava e Seca - Magazine Luiza",,,-1,lavadora-de-roupas-lava-e-seca
224,219059400,"Lava e Seca Panasonic 10,1kg NA-S107F2W - 13 Programas de Lavagem Água Quente - Lavadora de Roupas Lava e Seca - Magazine Luiza",Panasonic,NA-S107F2W,-1,lavadora-de-roupas-lava-e-seca
225,631860400,Lavadora de Roupas Electrolux Automática 17kg Branca 220v LAI17 - Lavadora de Roupas Lava e Seca - Magazine Luiza,,,-1,lavadora-de-roupas-lava-e-seca
226,662016900,Lavadora de Roupas Electrolux Automática 17kg Branca 127v LAI17 - Lavadora de Roupas Lava e Seca - Magazine Luiza,,,-1,lavadora-de-roupas-lava-e-seca
227,696929600,"Lava e Seca 10,2Kg LG Direct Drive WD1412RTA7B Aço Escovado - Água Quente com 14 Programas de Lavagem 220V - Lavadora de Roupas Lava e Seca - Magazine Luiza",,,-1,lavadora-de-roupas-lava-e-seca
228,661600300,"Lava e Seca 8,5Kg LG Direct Drive WD1485ATAB - Água Quente com 14 Programas de Lavagem Branca 220V - Lavadora de Roupas Lava e Seca - Magazine Luiza",,,-1,lavadora-de-roupas-lava-e-seca
229,660510400,"Lava e Seca LG Prime Touch LED 10,2Kg Aço Escovado 220V - WD1412RTA7B - Lavadora de Roupas Lava e Seca - Magazine Luiza",,,-1,lavadora-de-roupas-lava-e-seca
230,641591100,Lavadora de Roupas Semi-Automática Coloramq 15Kg  LCM15 Azul - Colormaq - Lavadora de Roupas Lava e Seca - Magazine Luiza,,,-1,lavadora-de-roupas-lava-e-seca
231,830957400,Lavadora e Secadora Samsung WD7000 15 kg Inox 110V WD15H7300KP/AZ - Lavadora de Roupas Lava e Seca - Magazine Luiza,,,-1,lavadora-de-roupas-lava-e-seca
232,667226700,Lavadora de Roupas Brastemp 15 kg Double Wash Grafite110V BWD15A9ANA - Lavadora de Roupas Lava e Seca - Magazine Luiza,,,-1,lavadora-de-roupas-lava-e-seca
233,559830400,Lava e Seca Motion Prime Touch LG 11kg - 220v - Lavadora de Roupas Lava e Seca - Magazine Luiza,,,"2.599,99",lavadora-de-roupas-lava-e-seca
234,677722300,Lava e Seca 8 Kg Midea Acqua Branca - Lavadora de Roupas Lava e Seca - Magazine Luiza,,,-1,lavadora-de-roupas-lava-e-seca
235,214410900,"Lava e Seca LG 10,2Kg Direct Drive WD1412RTB - 14 Programas de Lavagem Água Quente - Lavadora de Roupas Lava e Seca - Magazine Luiza",LG,Direct Drive,-1,lavadora-de-roupas-lava-e-seca
236,215562800,Lava e Seca LG 14kg Top Gun WD1014RD7 - 12 Programas de Lavagem Água Quente - Lavadora de Roupas Lava e Seca - Magazine Luiza,LG,Top Gun,-1,lavadora-de-roupas-lava-e-seca
237,603777300,Lavadora de Roupas Electrolux 16Kg LAC16 Branca 220V - Lavadora de Roupas Lava e Seca - Magazine Luiza,,,"1.599,00",lavadora-de-roupas-lava-e-seca
238,010539600,Lava e Seca 9Kg Samsung WD6000 WD90J6410AW - 13 Programas de Lavagem - Lavadora de Roupas Lava e Seca - Magazine Luiza,Samsung,WD90J,-1,lavadora-de-roupas-lava-e-seca
239,642665500,"Lavadora e Secadora de Roupas Samsung 10,2 kg WD10J6410AW EcoBubble Branca - Lavadora de Roupas Lava e Seca - Magazine Luiza",,,-1,lavadora-de-roupas-lava-e-seca
240,505330600,Lavadora E Secadora Wd6000J 10.2Kg Branca - Samsung - Lavadora de Roupas Lava e Seca - Magazine Luiza,,,"2.999,00",lavadora-de-roupas-lava-e-seca
241,536251600,Lavadora E Secadora Wd6000J 10.2Kg Inox Look - Samsung - Lavadora de Roupas Lava e Seca - Magazine Luiza,,,-1,lavadora-de-roupas-lava-e-seca
242,088894200,Geladeira/Refrigerador Consul Frost Free Duplex - 437L Bem Estar CRM55ABANA Branco - Geladeira/Refrigerador Frost Free - Magazine Luiza,Consul,CRM55A,"2.137,41",geladeira-refrigerador
243,013075001,Geladeira/Refrigerador Consul Frost Free Duplex - 386L CRM43NBANA Branco - Geladeira/Refrigerador Frost Free - Magazine Luiza,Consul,CRM43NB,"1.852,41",geladeira-refrigerador
244,202957300,Geladeira/Refrigerador Consul Manual Duplex 334L - CRD37EBBNA Branco - Geladeira/Refrigerador - Magazine Luiza,Consul,CRD37EB,"1.396,41",geladeira-refrigerador
245,218039300,Geladeira/Refrigerador Electrolux Frost Free  - Duplex 463L Painel Blue Touch TF52 Branco - Geladeira/Refrigerador Frost Free - Magazine Luiza,Electrolux,TF52,"2.389,90",geladeira-refrigerador
246,013000100,Geladeira/Refrigerador Consul Frost Free Evox - Duplex 386L CRM43NKBNA - Geladeira/Refrigerador - Magazine Luiza,Consul,CRM43NK,"2.061,41",geladeira-refrigerador
247,010038101,Geladeira Consul Frost Free 300L - Facilite CRB36ABANA Branco - Geladeira/Refrigerador Frost Free - Magazine Luiza,Consul,CRB36,"1.376,55",geladeira-refrigerador
248,010059300,Geladeira/Refrigerador Electrolux Frost Free Inox - Duplex 380L Painel Touch DW42X22089 - Geladeira/ Refrigerador Inox - Magazine Luiza,Electrolux,DW42X,"2.279,91",geladeira-refrigerador
249,013082100,Geladeira/Refrigerador Brastemp Frost Free Inverse - 443L BRE57AKANA Evox - Geladeira/Refrigerador Frost Free - Magazine Luiza,Brastemp,BRE57,"3.229,91",geladeira-refrigerador
250,013011801,Geladeira/Refrigerador Consul Frost Free Duplex - 441L Bem Estar CRM54BBANA Branco - Geladeira/Refrigerador Frost Free - Magazine Luiza,Consul,CRM54BB,"2.108,91",geladeira-refrigerador
251,013081601,Geladeira/Refrigerador Brastemp Frost Free Inverse - 443L Painel Touch BRE57ABANA Branco - Geladeira/Refrigerador Frost Free - Magazine Luiza,Brastemp,BRE57,"2.849,91",geladeira-refrigerador
252,010059701,Geladeira/Refrigerador Electrolux Frost Free - Duplex 382L DF42 Branco - Geladeira/Refrigerador Frost Free - Magazine Luiza,Electrolux,DF42,"2.059,90",geladeira-refrigerador
253,013081401,Geladeira/Refrigerador Brastemp Frost Free   - Duplex 400L BRM54HBANA Branco - Geladeira/Refrigerador Frost Free - Magazine Luiza,Brastemp,BRM54HB,"2.346,41",geladeira-refrigerador
254,013070001,Geladeira/Refrigerador Electrolux 240L RE31 - Branco - Geladeira/Refrigerador - Magazine Luiza,Electrolux,RE31,"1.111,41",geladeira-refrigerador
255,013082900,Geladeira/Refrigerador Brastemp Frost Free Inox - Duplex 462L Painel Touch BRM56AKBNA - Geladeira/ Refrigerador Inox - Magazine Luiza,Brastemp,BRM56,"3.182,41",geladeira-refrigerador
256,084246700,"Geladeira Brastemp Frost Free Evox - Inverse 540,6L Ative! BRO80AK - Geladeira/Refrigerador - Magazine Luiza",Brastemp,BRO80,"4.844,91",geladeira-refrigerador
257,013099900,Geladeira/Refrigerador Electrolux Frost Free Inox - Duplex 382L DF42X - Geladeira/ Refrigerador Inox - Magazine Luiza,Electrolux,DF42X,"2.165,91",geladeira-refrigerador
258,013040201,Geladeira/Refrigerador Panasonic Frost Free  - Duplex 387L re generation NR-BT40BD1W Branco - Geladeira/Refrigerador - Magazine Luiza,Panasonic,NR-BT40BD1W,"1.804,91",geladeira-refrigerador
259,013080601,Geladeira/Refrigerador Electrolux Frost Free   - Duplex 371L DFN41 Branca - Geladeira/Refrigerador Frost Free - Magazine Luiza,Electrolux,DFN41,"1.979,90",geladeira-refrigerador
260,013082201,Geladeira/Refrigerador Brastemp Frost Free Duplex  - 462L BRM56ABANA Branca - Geladeira/Refrigerador Frost Free - Magazine Luiza,Brastemp,BRM56AB,"2.849,91",geladeira-refrigerador
261,013081100,Geladeira/Refrigerador Consul Frost Free Duplex  - 441L CRM54BK Evox - Geladeira/Refrigerador Frost Free - Magazine Luiza,Consul,CRM54BK,"2.279,91",geladeira-refrigerador
262,010068301,Geladeira/Refrigerador Brastemp Frost Free 573L - Ative! Inverse Maxi BRE80ABANA Branco - Geladeira/Refrigerador Frost Free - Magazine Luiza,Brastemp,Inverse Maxi,"3.419,91",geladeira-refrigerador
263,217203800,Frigobar Brastemp 76L Azul - Retrô - Frigobar - Magazine Luiza,Brastemp,BRA08BZANA,"1.291,91",geladeira-refrigerador
264,216506500,Geladeira/Refrigerador Samsung Frost Free Duplex - 453L Twin Cooling Plus RT6000K Branco - Geladeira/Refrigerador Frost Free - Magazine Luiza,Samsung,Twin Cooling Plus RT6000K,"2.517,41",geladeira-refrigerador
265,218039600,Geladeira/Refrigerador Electrolux Frost Free Inox - Duplex 463L Painel Blue Touch TF52X - Geladeira/ Refrigerador Inox - Magazine Luiza,Electrolux,TF52X,"2.716,91",geladeira-refrigerador
266,013084400,Geladeira/Refrigerador Panasonic Frost free  - Inverser 425L BB53 - Geladeira/Refrigerador Frost Free - Magazine Luiza,Panasonic,BB53,"3.115,91",geladeira-refrigerador
267,013081201,Geladeira/Refrigerador Electrolux Frost Free Inox  - French Door 579L Multidoor DM84X - Geladeira/ Refrigerador Inox - Magazine Luiza,Electrolux,Multidoor,"4.749,91",geladeira-refrigerador
268,013020200,Geladeira/Refrigerador Consul Frost Free Evox - Duplex 437L Bem-Estar CRM55AKANA - Geladeira/Refrigerador - Magazine Luiza,Consul,CRM55AK,"2.517,41",geladeira-refrigerador
269,218179200,Geladeira/Refrigerador Brastemp Frost Free Duplex  - 478L BRM59AB Branco - Geladeira/Refrigerador Frost Free - Magazine Luiza,Brastemp,BRM59AB,"3.039,91",geladeira-refrigerador
270,013081900,Geladeira/Refrigerador Brastemp Frost Free Evox - Duplex 400L BRM54HKBNA - Geladeira/Refrigerador - Magazine Luiza,Brastemp,BRM54HK,"2.707,41",geladeira-refrigerador
271,088879600,Geladeira/Refrigerador Consul Frost Free Evox - Duplex 405L CRM51AKANA - Geladeira/Refrigerador - Magazine Luiza,Consul,CRM51AK,"2.336,91",geladeira-refrigerador
272,210458200,Geladeira/Refrigerador Consul Cycle Defrost Duplex - 450L CRD49ABBNA Branco - Geladeira/Refrigerador - Magazine Luiza,Consul,CRD49AB,"2.042,41",geladeira-refrigerador
273,010068200,Geladeira/Refrigerador Electrolux Frost Free - Side by Side 504L Dispenser de Água SS72X Titanium - Geladeira/Refrigerador - Magazine Luiza,Electrolux,SS72X,"6.820,91",geladeira-refrigerador
274,013015401,Geladeira/Refrigerador Electrolux Frost Free - Duplex 433L TF51 Branco - Geladeira/Refrigerador - Magazine Luiza,Electrolux,TF51,"2.399,90",geladeira-refrigerador
275,084232400,Geladeira/Refrigerador Consul Frost Free Duplex - 405L Bem Estar Painel Touch CRM52ABBNA Branco - Geladeira/Refrigerador Frost Free - Magazine Luiza,Consul,CRM52A,"2.137,41",geladeira-refrigerador
276,013080500,Geladeira/Refrigerador Electrolux Frost Free Inox  - Bottom Freezer 454L Painel Blue Touch DB53X - Geladeira/ Refrigerador Inox - Magazine Luiza,Electrolux,DB53X,"3.182,41",geladeira-refrigerador
277,013083500,Geladeira/Refrigerador Electrolux Frost Free Inox - Duplex 459L Painel Blue Touch DF54X - Geladeira/ Refrigerador Inox - Magazine Luiza,Electrolux,DF54X,"2.916,41",geladeira-refrigerador
278,010059001,Geladeira/Refrigerador Electrolux Cycle Defrost - Duplex 462L DC49A11006 Branco - Geladeira/Refrigerador - Magazine Luiza,Electrolux,DC49A,"2.051,91",geladeira-refrigerador
279,013021300,Geladeira Brastemp Frost Free Evox - 573L Ative! Inverse Maxi BRE80AKBNA - Geladeira/Refrigerador - Magazine Luiza,Brastemp,Inverse Maxi,"4.103,91",geladeira-refrigerador
280,010009400,Frigobar Brastemp 76L Preto  - com Porta de Vidro BZA08 - Frigobar - Magazine Luiza,Brastemp,BZA08,"1.472,41",geladeira-refrigerador
281,013083201,Geladeira/Refrigerador Electrolux Frost Free  - Duplex 459L Painel Blue Touch DF54 Branco - Geladeira/Refrigerador Frost Free - Magazine Luiza,Electrolux,DF54,"2.659,91",geladeira-refrigerador
282,200161304,Frigobar Brastemp 76L Vermelho - Retrô BRA08A - Frigobar - Magazine Luiza,Brastemp,BRA08A,"1.120,91",geladeira-refrigerador
283,216298600,Geladeira/Refrigerador Electrolux Cycle Defrost - Duplex 475L Inox Multi Flow System DC51X - Geladeira/Refrigerador - Magazine Luiza,Electrolux,DC51X,"2.536,41",geladeira-refrigerador
284,218972300,Geladeira/Refrigerador Electrolux Inox Frost Free  - Duplex 553L Painel Blue Touch DF82X - Geladeira/ Refrigerador Inox - Magazine Luiza,Electrolux,DF82X,"3.609,91",geladeira-refrigerador
285,013000300,Geladeira/Refrigerador Electrolux Frost Free Inox - Duplex 433L Painel Blue Touch TF51X - Geladeira/ Refrigerador Inox - Magazine Luiza,Electrolux,TF51X,"2.659,91",geladeira-refrigerador
286,219058000,Geladeira/Refrigerador Electrolux Frost Free Inox  - Duplex 427L Painel Touch DF53X - Geladeira/ Refrigerador Inox - Magazine Luiza,Electrolux,DF53X,"2.707,41",geladeira-refrigerador
287,218179600,Geladeira/Refrigerador Brastemp Frost Free Inverse - 478L BRE58AK Evox - Geladeira/Refrigerador Frost Free - Magazine Luiza,Brastemp,BRE58AK,"3.609,91",geladeira-refrigerador
288,219057900,Geladeira/Refrigerador Electrolux Frost Free - Duplex 427L Painel Touch DF53 Branco - Geladeira/Refrigerador Frost Free - Magazine Luiza,Electrolux,DF53,"2.422,41",geladeira-refrigerador
289,218038000,Geladeira/Refrigerador Samsung Inox French Door - 441L RF62HERS1/BZ - Geladeira/ Refrigerador Inox - Magazine Luiza,Samsung,RF62HERS1/BZ,"4.654,91",geladeira-refrigerador
290,218179400,Geladeira/Refrigerador Brastemp Frost Free Inverse - 478L BRE58AB Branco - Geladeira/Refrigerador Frost Free - Magazine Luiza,Brastemp,BRE58AB,"3.229,91",geladeira-refrigerador
291,084232500,Geladeira/Refrigerador Consul Frost Free Evox - Duplex 405L Bem Estar Painel Touch CRM52AKANA - Geladeira/Refrigerador - Magazine Luiza,Consul,CRM52AK,"2.499,90",geladeira-refrigerador
292,218178700,Geladeira/Refrigerador Brastemp Frost Free Duplex  - 500L BRM58AB Branco - Geladeira/Refrigerador Frost Free - Magazine Luiza,Brastemp,BRM58AB,-1,geladeira-refrigerador
293,013083601,Geladeira/Refrigerador Electrolux Frost Free - Duplex 553L Infinity Frost Painel Touch DF82 - Geladeira/Refrigerador Frost Free - Magazine Luiza,Electrolux,DF82,"3.372,41",geladeira-refrigerador
294,084267800,Geladeira/Refrigerador Brastemp Frost Free Evox - Inverse 540L Ative! Painel Touch BRN80AKANA - Geladeira/Refrigerador - Magazine Luiza,Brastemp,BRN80,"6.934,91",geladeira-refrigerador
295,218835400,Geladeira/Refrigerador Samsung Frost Free Inox - French Door 606L RF28HMEDBSR/BZ - Geladeira/ Refrigerador Inox - Magazine Luiza,Samsung,RF28HM,"10.069,91",geladeira-refrigerador
296,218179800,Geladeira/Refrigerador Brastemp Frost Free Inverse - 460L BRE59AB Branco - Geladeira/Refrigerador Frost Free - Magazine Luiza,Brastemp,BRE59AB,"3.514,91",geladeira-refrigerador
297,219057300,Geladeira/Refrigerador Electrolux Frost Free - 598L DB84 Branco - Geladeira/Refrigerador Frost Free - Magazine Luiza,Electrolux,DB84,"3.799,91",geladeira-refrigerador
298,013083100,Geladeira/Refrigerador Brastemp Frost Free Duplex - 478L Painel Touch BRM59AKANA Evox - Geladeira/Refrigerador Frost Free - Magazine Luiza,Brastemp,BRM59,"4.027,91",geladeira-refrigerador
299,213445600,Geladeira/Refrigerador Samsung Inox Side by Side - 765L Dispenser de Água Food ShowCase H77H90507H/AZ - Geladeira/ Refrigerador Inox - Magazine Luiza,Samsung,Food ShowCase,"12.349,91",geladeira-refrigerador
300,219057500,Geladeira/Refrigerador Electrolux Frost Free Inox - 598L DB84X - Geladeira/ Refrigerador Inox - Magazine Luiza,Electrolux,DB84X,"4.084,91",geladeira-refrigerador
301,084246500,"Geladeira/Refrigerador Brastemp Frost Free 540,6L - Ative! BRO80AB Branco - Geladeira/Refrigerador Frost Free - Magazine Luiza",Brastemp,BRO80,"4.464,91",geladeira-refrigerador
302,013080201,Geladeira/Refrigerador Electrolux Frost Free   - Bottom Freezer 454L Painel Blue Touch DB53 Branca - Geladeira/Refrigerador Frost Free - Magazine Luiza,Electrolux,DB53,"2.944,91",geladeira-refrigerador
303,219057700,Geladeira/Refrigerador Electrolux Frost Free Inox - Duplex 456L  DW54X - Geladeira/ Refrigerador Inox - Magazine Luiza,Electrolux,DW54X,"3.087,41",geladeira-refrigerador
304,218037800,Geladeira/Refrigerador Samsung Frost Free Inox - French Door 564L RF56K9040SR/AZ - Geladeira/ Refrigerador Inox - Magazine Luiza,Samsung,RF56K9040SR/AZ,-1,geladeira-refrigerador
305,218037600,Geladeira/Refrigerador Samsung Frost Free Inox - French Door 536L Dispenser de Água RF23HCEDBSR/AZ - Geladeira/ Refrigerador Inox - Magazine Luiza,Samsung,RF23HCEDBSR/AZ,"9.974,91",geladeira-refrigerador
306,218835500,Geladeira/Refrigerador Samsung Frost free  - 575L Food ShowCase Dispenser de Água RH58K - Geladeira/Refrigerador Frost Free - Magazine Luiza,Samsung,RH58K,"9.499,91",geladeira-refrigerador
307,010088801,Geladeira/Refrigerador Brastemp Frost Free - Side by Side 560L BRS62CBANA Branco - Geladeira/Refrigerador Frost Free - Magazine Luiza,Brastemp,BRS62CB,"7.200,00",geladeira-refrigerador
308,013082500,Geladeira/Refrigerador Brastemp Frost Free Evox - Duplex Inverse 460L Painel Touch BRE59AK - Geladeira/Refrigerador - Magazine Luiza,Brastemp,BRE59AK,"4.369,91",geladeira-refrigerador
309,013085501,Geladeira/Refrigerador Brastemp Frost Free Duplex - Branca 374L BRM44HBANA - Geladeira/Refrigerador Frost Free - Magazine Luiza,Brastemp,BRM44HBANA,"2.184,05",geladeira-refrigerador
310,219007000,Geladeira/Refrigerador LG Frost Free Side by Side - 601L Painel Touch New Lancaster GS65SDN - Geladeira/Refrigerador Frost Free - Magazine Luiza,LG,New Lancaster,"9.499,91",geladeira-refrigerador
311,013072000,Geladeira Electrolux Frost Free Inox - 454L Painel Touch DB52X11089 - Geladeira/ Refrigerador Inox - Magazine Luiza,Electrolux,DB52X,"3.609,91",geladeira-refrigerador
312,013085700,Geladeira/Refrigerador Brastemp Frost Free Duplex - 374L BRM44HKANA - Geladeira/Refrigerador Duplex (2 Portas) - Magazine Luiza,Brastemp,BRM44HKANA,"2.431,05",geladeira-refrigerador
313,215800100,Geladeira/Refrigerador Brastemp Frost Free Evox - Inverse 565L Maxi BRV80AKBNA - Geladeira/Refrigerador - Magazine Luiza,Brastemp,Inverse Maxi,"5.034,91",geladeira-refrigerador
314,219056900,Geladeira/Refrigerador Electrolux Frost Free - Inverter Duplex 427L Painel Touch IF53 Branco - Geladeira/Refrigerador Frost Free - Magazine Luiza,Electrolux,IF53,"3.099,90",geladeira-refrigerador
315,218178900,Geladeira/Refrigerador Brastemp Frost Free Duplex  - 500L BRM58AK Evox - Geladeira/Refrigerador Frost Free - Magazine Luiza,Brastemp,BRM58AK,"3.657,41",geladeira-refrigerador
316,216938600,Geladeira/Refrigerador Brastemp Inox Side by Side - 539L c/ Dispenser de Água Gourmand BRS75 - Geladeira/Refrigerador - Magazine Luiza,Brastemp,BRS75,"13.584,05",geladeira-refrigerador
317,010088600,Geladeira/Refrigerador Brastemp Frost Free Inox - Side by Side 560L Dispenser de Água BRS62CR - Geladeira/ Refrigerador Inox - Magazine Luiza,Brastemp,BRS62CR,"9.974,91",geladeira-refrigerador
318,219025300,Frigobar Midea 45L Branco  - MRC06B1 - Frigobar - Magazine Luiza,Midea,MRC06B1,"636,41",geladeira-refrigerador
319,219126600,Geladeira/Refrigerador Panasonic Frost Free 592L - Dispenser de Água NR-CB74PV1XB Aço Escovado - Geladeira/Refrigerador Frost Free - Magazine Luiza,Panasonic,CB74,"9.689,91",geladeira-refrigerador
320,219025800,Frigobar Midea 124L Branco - MRC12B2 - Frigobar - Magazine Luiza,Midea,MRC12B2,"883,41",geladeira-refrigerador
321,618355000,Refrigerador Electrolux 462 Litros Duplex Cycle Defrost DC49A - Geladeira/Refrigerador - Magazine Luiza,,,"2.359,90",geladeira-refrigerador
322,673490000,Refrigerador Brastemp Duplex Frost Free Evox 127V 500L BRM58AK - Geladeira/Refrigerador - Magazine Luiza,,,"3.899,00",geladeira-refrigerador
323,625227200,Refrigerador Gorenje Ora-Ïto White 2 Portas 329 Litros Branco 220V NRKORA62W - Geladeira/Refrigerador - Magazine Luiza,,,"14.990,00",geladeira-refrigerador
324,649188200,Auto Serviço Bebidas Gallant Premium 2000mm Vidro Duplo Simples 3P Mármore/Inox Ar Forçado 220v Mono - Geladeira/Refrigerador - Magazine Luiza,,,"8.700,99",geladeira-refrigerador
325,633551200,Auto Serviço Frios e Laticínios Gallant Plus 1200mm VD Simples 2Portas PPB/Inox Ar Forçado 220v Mono - Geladeira/Refrigerador - Magazine Luiza,,,"5.750,98",geladeira-refrigerador
326,609927300,Auto Serviço Congelados Gallant Premium 2000mm Vidro Duplo 3P Mármore/Inox Ar Forçado 220V Mono - Geladeira/Refrigerador - Magazine Luiza,,,"18.539,75",geladeira-refrigerador
327,602669300,Auto Serviço Frios e Laticínios Gallant Premium 2000mm VD Simples 3P Marm/inox Ar Forc 220v Mono - Geladeira/Refrigerador - Magazine Luiza,,,"7.518,72",geladeira-refrigerador
328,646694100,Geladeira Açougue Congelados com Gancheira em Inox 600 kg 2 Portas 220V Mono  Gallant - Geladeira/Refrigerador - Magazine Luiza,,,"11.077,83",geladeira-refrigerador
329,662150300,Geladeira Comercial Resfriado de Inox 6 Portas 1.290 Litros 220V Mono - Gallant - Geladeira/Refrigerador - Magazine Luiza,,,"11.451,34",geladeira-refrigerador
330,687590700,Geladeira Comercial Resfriado de Inox 6 Portas 1.290 Litros 220V Mono - Gallant - Geladeira/Refrigerador - Magazine Luiza,,,"6.479,00",geladeira-refrigerador
331,615450100,Geladeira Comercial para Congelados Gallant Inox 4 Portas 220v Mono GRE09C04A-IX220 - Geladeira/Refrigerador - Magazine Luiza,,,"8.461,83",geladeira-refrigerador
332,633875700,Geladeira Açougue Congelado com Gancheira em Inox 800 kg 2 Portas 220V Mono  Gallant - Geladeira/Refrigerador - Magazine Luiza,,,"12.011,88",geladeira-refrigerador
333,697727100,Auto Serviço para Frios e Laticínios Gallant Plus 3000mm VD Simples 5P PPB/Inox Ar Forçado 220v Mono - Geladeira/Refrigerador - Magazine Luiza,,,"11.053,77",geladeira-refrigerador
334,667894100,Geladeira para Carnes e Congelados 1200kg Gallant Inox 1 Porta 220v Mono GRE41C01A-IX220 - Geladeira/Refrigerador - Magazine Luiza,,,"16.720,39",geladeira-refrigerador
335,690115800,Geladeira Comercial para Resfriados Gallant Inox 4 Portas 220v Mono GRE09R04A-IX220 - Geladeira/Refrigerador - Magazine Luiza,,,"4.815,45",geladeira-refrigerador
336,602734800,Auto Serviço para Bebidas Gallant Plus 2000mm Vidro Duplo Simples 3P PPB/Inox Ar Forçado 220v Mono - Geladeira/Refrigerador - Magazine Luiza,,,"8.327,30",geladeira-refrigerador
337,605831100,Mini Geladeira Portátil 24 Litros BDC24L-LA Black Decker - Geladeira/Refrigerador - Magazine Luiza,,,"679,00",geladeira-refrigerador
338,682141100,GeladeiraRefrigerador Brastemp 462 Litros Frost Free BRM56AB - Geladeira/Refrigerador - Magazine Luiza,,,"3.599,00",geladeira-refrigerador
339,579493800,Ice cooler 18l mor - Geladeira/Refrigerador - Magazine Luiza,,,"94,99",geladeira-refrigerador
340,536513500,Ice cooler pedestal 32l mor - Geladeira/Refrigerador - Magazine Luiza,,,"218,99",geladeira-refrigerador
341,523534400,Ice cooler 24l cinza mor - Geladeira/Refrigerador - Magazine Luiza,,,"58,90",geladeira-refrigerador
342,531743700,Ice cooler 48l mor - Geladeira/Refrigerador - Magazine Luiza,,,"168,99",geladeira-refrigerador
343,514464000,Ice cooler 36l mor - Geladeira/Refrigerador - Magazine Luiza,,,"124,99",geladeira-refrigerador
344,538176100,Geladeira para viagem 33 litros 12v black  decker - Geladeira/Refrigerador - Magazine Luiza,,,"972,99",geladeira-refrigerador
345,594400700,Mini geladeira de viagem 24l 12v/ auto - volt black  decker - Geladeira/Refrigerador - Magazine Luiza,,,"605,99",geladeira-refrigerador
346,548039100,Mini geladeira para viagem 6 litros 12v black  decker - Geladeira/Refrigerador - Magazine Luiza,,,"390,00",geladeira-refrigerador
347,576665900,Mini Geladeira Retrô  4 litros TV007 12v temperaturas 6ºC à 85ºC - Multilaser - Geladeira/Refrigerador - Magazine Luiza,,,"594,99",geladeira-refrigerador
348,687467300,Geladeira Açougue com Gancheira em Inox 800 kg 2 Portas 220V Mono  Gallant - Geladeira/Refrigerador - Magazine Luiza,,,"7.477,13",geladeira-refrigerador
349,523926400,"Mini Geladeira Cooler Veicular 2 em 1 Esfria e Aquece Portatil Carro Camping 7,5L (888407 / mc40343) - Port able electronic - Geladeira/Refrigerador - Magazine Luiza",,,"188,90",geladeira-refrigerador
350,695364200,GeladeiraRefrigerador Brastemp 460 Litros Frost Free - Geladeira/Refrigerador - Magazine Luiza,,,"5.399,00",geladeira-refrigerador
351,510502600,Refrigerador Electrolux Side by Side SS72X 504 Litros Frost Free Inox 02512LBA199 -127V - Geladeira/Refrigerador - Magazine Luiza,,,"7.899,00",geladeira-refrigerador
352,851029000,Frigobar Brastemp 76 Litros Porta de Vidro Preto 110V BZA08AEANA - Frigobar - Magazine Luiza,,,"1.899,00",geladeira-refrigerador
353,753522500,Mini Geladeira 04L BC 220V 12V TV010 Multilaser - Frigobar - Magazine Luiza,,,"241,90",geladeira-refrigerador
354,601447000,Refrigerador Consul 405 Litros Fost Free 2 Portas Painel Touchscreen CRM51 - Geladeira/Refrigerador - Magazine Luiza,,,-1,geladeira-refrigerador
355,854868700,Geladeira LG French Door 03 Portas Studio 552 Litros 110V LSFXC2476S - Geladeira/Refrigerador - Magazine Luiza,,Multi-portas,"32.999,00",geladeira-refrigerador
356,615262100,Geladeira Refrigerador Electrolux 310 Litros Frost Free Duplex com Painel Blue Touch DFN39 - Geladeira/Refrigerador - Magazine Luiza,,,"1.999,90",geladeira-refrigerador
357,602258500,Refrigerador Electrolux com 1 Porta 240 Litros Degelo Prático RE31 - Geladeira/Refrigerador - Magazine Luiza,,,"1.199,90",geladeira-refrigerador
358,532648600,GeladeiraRefrigerador 425L Panasonic Porta de vidro e Painel Easy Touch BB53 - Panasonic l.branca - Geladeira/Refrigerador - Magazine Luiza,,,"4.999,00",geladeira-refrigerador
359,530959700,Refrigerador Panasonic Inverter Duplex Frost Free 425 Litros Inox 110V NR-BB53PV3XA - Geladeira/Refrigerador - Magazine Luiza,,,"3.699,00",geladeira-refrigerador
360,696631600,Geladeira Portátil 31 Litros Digital - Quadrivolt  Resfriar - Geladeira/Refrigerador - Magazine Luiza,,,"2.700,00",geladeira-refrigerador
361,590285700,Refrigerador Brastemp Evox 486l 220v 2 Portas - Geladeira/Refrigerador - Magazine Luiza,,,"3.669,00",geladeira-refrigerador
362,618402800,Geladeira Refrigerador Electrolux 310 Litros Frost Free 2 Portas DFX39 - Geladeira/Refrigerador - Magazine Luiza,,,"2.299,00",geladeira-refrigerador
363,668142900,Geladeira/Refrigerador Consul 1 Porta Degelo Seco CRA30F 261 Litros Branco 220V - Geladeira/Refrigerador - Magazine Luiza,,,"1.179,00",geladeira-refrigerador
364,610552800,Geladeira Inox Açougue com Gancheira 600 kg 2 Portas 220V Mono  Gallant - Geladeira/Refrigerador - Magazine Luiza,,,"6.832,51",geladeira-refrigerador
365,616408200,Geladeira/Refrigerador Panasonic Frost Free 2 Portas NR BT40BD1W 387 Litros Branco - Geladeira/Refrigerador - Magazine Luiza,,,"2.344,17",geladeira-refrigerador
366,589513000,Refrigerador Frost Free 370L DFX42 Inox Electrolux - Geladeira/Refrigerador - Magazine Luiza,,,"2.799,90",geladeira-refrigerador
367,515224700,Refrigerador 2 Portas 437L Frost Free Consul CRM55 Branco - Geladeira/Refrigerador - Magazine Luiza,,,"2.899,90",geladeira-refrigerador
368,603867400,Refrigerador Electrolux Cycle Defrost 262L 220V - Geladeira/Refrigerador - Magazine Luiza,,,"1.369,00",geladeira-refrigerador
369,670497500,Refrigerador Electrolux Cycle Defrost 262L 220V - Geladeira/Refrigerador - Magazine Luiza,,,"1.349,00",geladeira-refrigerador
370,607078700,Geladeira/Refrigerador Electrolux 2 Portas Cycle Defrost DC35A 260 Litros Branco - Geladeira/Refrigerador - Magazine Luiza,,,-1,geladeira-refrigerador
371,662901200,Geladeira/Refrigerador Electrolux Cycle Defrost 2 Portas DC49A 462 Litros Branca 220V - Geladeira/Refrigerador - Magazine Luiza,,,"1.999,00",geladeira-refrigerador
372,774530500,Refrigerador 240 Litros 1 Porta Classe A Electrolux - Re31 - Geladeira/Refrigerador 1 Porta - Magazine Luiza,,,"1.029,90",geladeira-refrigerador
373,585731100,Refrigerador Brastemp Gourmand Side By Side 539 Litros 110V BRS75BRANA - Geladeira/Refrigerador - Magazine Luiza,,,"14.999,00",geladeira-refrigerador
374,649668200,Refrigerador Consul 405 Litros 2 Portas Frost Free Painel Touchscreen CRM51 - Geladeira/Refrigerador - Magazine Luiza,,,"2.399,90",geladeira-refrigerador
375,853747000,Frigobar Brastemp Retrô 76 Litros Marsala Wine 110V BRA08BGANA - Frigobar - Magazine Luiza,,,"1.599,00",geladeira-refrigerador
376,605400800,Expositor/Refrigerador Vitrine Porta de Vidro VV300L 300 Litros Branco - Venax - Geladeira/Refrigerador - Magazine Luiza,,,"2.399,00",geladeira-refrigerador
377,668704400,GeladeiraRefrigerador Electrolux 427 Litros Frost Free DF53 - Geladeira/Refrigerador - Magazine Luiza,,,"2.499,90",geladeira-refrigerador
378,851611800,Frigobar Brastemp Retrô 76 Litros Amarelo 110V BRA08BYANA - Frigobar - Magazine Luiza,,,"1.399,00",geladeira-refrigerador
379,201992900,Geladeira/Refrigerador Electrolux Frost Free Inox - 454L Painel Touch DT52X - Geladeira/ Refrigerador Inox - Magazine Luiza,Electrolux,DT52X,"5.889,91",geladeira-refrigerador
380,219007300,Geladeira/Refrigerador LG Frost Free Bottom  - Freezer Universe 445L GC-B59BSB (1) Aço Escovado - Geladeira/Refrigerador Frost Free - Magazine Luiza,LG,GC-B59BSB (1),"5.699,05",geladeira-refrigerador
381,545411600,Ref 2P Top 440L 5-Em-1 Inox Lk - Samsung - Geladeira/Refrigerador - Magazine Luiza,,,"3.699,00",geladeira-refrigerador
382,549941600,Ref 2P Top 528L 5-Em-1 Inox Lk - Samsung - Geladeira/Refrigerador - Magazine Luiza,,,"4.199,00",geladeira-refrigerador
383,735553000,Refrigerador Degelo Autolimpante  262L Cycle Defrost Branco (RDE33) - Electrolux - Geladeira/Refrigerador - Magazine Luiza,,RDE33,"1.239,00",geladeira-refrigerador
384,013085400,Geladeira/Refrigerador Samsung Frost Free Inox - Duplex 453L 5-em-1 Twin Cooling Plus RT6000K - Geladeira/ Refrigerador Inox - Magazine Luiza,Samsung,RT6000K,"3.514,05",geladeira-refrigerador
385,084257700,Lâmpada para Refrigerador 127V 15W - Electrolux 64641425 - Acessórios para geladeira/ refrigerador - Magazine Luiza,Electrolux,64641425,"15,90",geladeira-refrigerador
386,623016800,Geladeira/Refrigerador Electrolux Frost Free 2 Portas DFN41 371 Litros Branco 110V - Geladeira/Refrigerador - Magazine Luiza,,,"1.879,00",geladeira-refrigerador
387,537235700,Ref Fdr 4P 606L Twin Cool Inox - Samsung - Geladeira/Refrigerador - Magazine Luiza,,,"12.999,00",geladeira-refrigerador
388,636483700,Refrigerador Consul 386 Litros 2 Portas Frost Free Classe A CRM43NB - Geladeira/Refrigerador - Magazine Luiza,,,"2.099,90",geladeira-refrigerador
389,768345000,Refrigerador 262 Litros Electrolux 1 Porta RDE33 - Geladeira/Refrigerador 1 Porta - Magazine Luiza,,,"1.105,90",geladeira-refrigerador
390,547319600,Refrigerador 2 Portas 400L Frost Free Brastemp BRM54HK - Geladeira/Refrigerador - Magazine Luiza,,,"3.199,90",geladeira-refrigerador
391,747530000,Refrigerador 323 Litros Electrolux 1 Porta Frost Free RFE39 - Geladeira/Refrigerador 1 Porta - Magazine Luiza,,,"1.302,90",geladeira-refrigerador
392,502874100,Refrigerador 2 Portas 375l Frost Free Brastemp BRM44HK - Geladeira/Refrigerador - Magazine Luiza,,2 Portas,"2.799,90",geladeira-refrigerador
393,643960800,Refrigerador Consul Domest 2 Portas 405 Litros Branco Frost Free 220v - Geladeira/Refrigerador - Magazine Luiza,,,"2.189,00",geladeira-refrigerador
394,685948700,Geladeira Refrigerador Consul 261L 1 Porta Degelo Seco Classe A - CRA30FB - Geladeira/Refrigerador - Magazine Luiza,,,"1.149,90",geladeira-refrigerador
395,649587000,Refrigerador Electrolux Cycle Defrost 260 Litros 2 Portas Design Moderno DC35A - Geladeira/Refrigerador - Magazine Luiza,,,"1.319,90",geladeira-refrigerador
396,826296000,Geladeira Consul Frost Free 342 litros cor Inox com Gavetão Hortifruti - Geladeira/Refrigerador - Magazine Luiza,Consul,CRB39AK-geladeira-consul-frost-free-342-litros-evox-Frontal_1650x1450.jpg,"1.835,00",geladeira-refrigerador
397,857350200,Frigobar Brastemp Retrô 76 Litros Ice White 110V BRA08BBANA - Frigobar - Magazine Luiza,,,"1.599,00",geladeira-refrigerador
398,658035600,Refrigerador Electrolux 2 Portas 370 Litros Frost Free DFX41 - Geladeira/Refrigerador - Magazine Luiza,,,"1.959,90",geladeira-refrigerador
399,721167500,Refrigerador Cycle Defrost  475L Branco (DC51) - Electrolux - Geladeira/Refrigerador - Magazine Luiza,,DC51,"2.399,00",geladeira-refrigerador
400,219057100,Geladeira/Refrigerador Electrolux Frost Free Inox  - Inverter Duplex 427L Painel Touch IF53X - Geladeira/ Refrigerador Inox - Magazine Luiza,Electrolux,IF53X,"3.229,91",geladeira-refrigerador
401,217203400,Frigobar Brastemp 76L Branco - Retrô - Frigobar - Magazine Luiza,Brastemp,BRA08BBANA,"1.499,00",geladeira-refrigerador
402,828423100,Geladeira Consul Degelo Manual 239 litros Branca com Gavetão Hortifruti - Geladeira/Refrigerador - Magazine Luiza,Consul,,"1.089,00",geladeira-refrigerador
403,220524000,Geladeira/Refrigerador LG Degelo Automático Inox - Side by Side 601L New Lancaster GCX247CSA1ANSGSBS - Geladeira/ Refrigerador Inox - Magazine Luiza,LG,GC-X247CSAV1,"13.109,91",geladeira-refrigerador
404,834189600,Geladeira Consul Degelo Seco 261 litros Branca com Gavetão Hortifruti - Geladeira/Refrigerador - Magazine Luiza,Consul,CRA30FB-geladeira-consul-degelo-seco-261-litros-modulo1_1950x2100.jpg,"1.198,00",geladeira-refrigerador
405,703014700,Refrigerador Degelo Prático  240L Cycle Defrost Branco (RE31) - Electrolux - Geladeira/Refrigerador - Magazine Luiza,,RE31,"1.199,00",geladeira-refrigerador
406,630248600,GeladeiraRefrigerador Electrolux 322 Litros Frost Free RFE39 - Geladeira/Refrigerador - Magazine Luiza,,,"1.349,90",geladeira-refrigerador
407,594433500,Geladeira/Refrigerador Consul 1 Porta Degelo Seco CRA30F 261 Litros Branco - Geladeira/Refrigerador - Magazine Luiza,,,"1.179,00",geladeira-refrigerador
408,638542900,GeladeiraRefrigerador Electrolux 427 Litros Frost Free DF53X - Geladeira/Refrigerador - Magazine Luiza,,,"3.199,00",geladeira-refrigerador
409,669495600,Geladeira/Refrigerador 2 Portas Frost Free NR-BB53PV3XA 425 Litros Aço Escovado - Panasonic - Geladeira/Refrigerador - Magazine Luiza,,,"3.399,00",geladeira-refrigerador
410,608763200,Refrigerador 2 Portas 454L Frost Free DB53 Electrolux - Geladeira/Refrigerador - Magazine Luiza,,2 Portas,"3.499,90",geladeira-refrigerador
411,674922500,Geladeira Refrigerador Electrolux Frost Free Duplex 371L DFN41 - Geladeira/Refrigerador - Magazine Luiza,,,"1.979,90",geladeira-refrigerador
412,200161304,Frigobar Brastemp 76L Vermelho - Retrô BRA08A - Frigobar - Magazine Luiza,Brastemp,BRA08A,"1.120,91",geladeira-refrigerador
413,816411000,Refrigerador Consul 1 Porta Degelo Manual Branco 239L 110V CRC28FBANA - Geladeira/Refrigerador - Magazine Luiza,,,"1.069,00",geladeira-refrigerador
414,725645100,Geladeira Brastemp Frost Free Duplex 400 litros Branca com Freeze Control - Geladeira/Refrigerador - Magazine Luiza,Brastemp,,"2.485,00",geladeira-refrigerador
415,683074400,Geladeira/Refrigerador Electrolux Frost Free 2 Portas DF53 427 Litros Branco - Geladeira/Refrigerador - Magazine Luiza,,,"2.549,00",geladeira-refrigerador
416,696928000,Refrigerador Consul Biplex 334 Litros Cycle Defrost CRD37 - Geladeira/Refrigerador - Magazine Luiza,,,"1.529,90",geladeira-refrigerador
417,727846600,Geladeira Brastemp Frost Free Duplex 400 litros cor Inox com Freeze Control - Geladeira/Refrigerador - Magazine Luiza,Brastemp,,"2.891,00",geladeira-refrigerador
418,013019401,Geladeira/Refrigerador Esmaltec Cycle Defrost  - 245L ROC31 Branco - Geladeira/Refrigerador - Magazine Luiza,Esmaltec,ROC31,-1,geladeira-refrigerador
419,088827700,Frigobar Brastemp 76L Preto - Retrô BRA08AE - Frigobar - Magazine Luiza,Brastemp,BRA08AEANA,-1,geladeira-refrigerador
420,217204200,Geladeira/Refrigerador Consul Frost Free Evox - 342L CRB39AKANA - Geladeira/Refrigerador - Magazine Luiza,Consul,CRB39AK,-1,geladeira-refrigerador
421,217111600,Frigobar Brastemp 76L Amarelo - Retrô - Frigobar - Magazine Luiza,Brastemp,BRA08BYANA,-1,geladeira-refrigerador
422,631052100,Geladeira/Refrigerador Esmaltec 2 Portas Cycle Defrost RCD34 276 Litros Branco - Geladeira/Refrigerador - Magazine Luiza,,,-1,geladeira-refrigerador
423,013020601,Frigobar Consul 117L Branco - CRC12 - Frigobar - Magazine Luiza,Consul,CRC12,-1,geladeira-refrigerador
424,013018401,Geladeira/Refrigerador Esmaltec Cycle Defrost - Duplex 276L RCD34 Branco - Geladeira/Refrigerador - Magazine Luiza,Esmaltec,RCD34,-1,geladeira-refrigerador
425,218037700,Geladeira/Refrigerador Samsung Frost Free Inox - French Door 665L Dispenser de Água RF28HDEDBSR/AZ - Geladeira/ Refrigerador Inox - Magazine Luiza,Samsung,RF28HDEDBSR/AZ,-1,geladeira-refrigerador
426,013071401,Geladeira/Refrigerador Electrolux Frost Free - Duplex 459L Painel Touch DF52 Branco - Geladeira/Refrigerador Frost Free - Magazine Luiza,Electrolux,DF52,-1,geladeira-refrigerador
427,926730500,Geladeira Brastemp Ative! Inverse Frost Free 422 L - Geladeira/Refrigerador - Magazine Luiza,Brastemp,,-1,geladeira-refrigerador
428,670565100,Refrigerador Electrolux Cycle Defrost 262L 127V Porta Branco - Geladeira/Refrigerador - Magazine Luiza,,,-1,geladeira-refrigerador
429,501971000,Refrigerador Samsung French Door 564 Litros Inox 110V RF56K9040SR/AZ - Geladeira/Refrigerador - Magazine Luiza,,,-1,geladeira-refrigerador
430,688895600,Geladeira/Refrigerador Electrolux Frost Free 2 Portas DF53X 427 Litros Inox - Geladeira/Refrigerador - Magazine Luiza,,,-1,geladeira-refrigerador
431,695147300,Mini Geladeira para Automóvel 24 Litros 12V BDC24L-LA Black Decker - Geladeira/Refrigerador - Magazine Luiza,,,-1,geladeira-refrigerador
432,743152700,Refrigerador Elux Db83X 127V Electrolux - Geladeira/Refrigerador - Magazine Luiza,,,-1,geladeira-refrigerador
433,584447600,Refrigerador Brastemp Duplex Inox 462 Litros 110V BRM56AK - Geladeira/Refrigerador - Magazine Luiza,,,-1,geladeira-refrigerador
434,743084300,Frigobar 76 Litros Cycle Defrost Retro Brastemp BRA08AE - Brastemp - Frigobar - Magazine Luiza,,,-1,geladeira-refrigerador
435,600166300,Refrigerador Samsung Multiportas Frost Free Inox 614 Litros 110V RFG28MESL1/XAZ - Geladeira/Refrigerador - Magazine Luiza,,,-1,geladeira-refrigerador
436,752722100,Refrigerador 2 Portas 386L Frost Free CRM43HK Consul - Geladeira/Refrigerador - Magazine Luiza,,2 Portas,-1,geladeira-refrigerador
437,744852800,Refrigerador 275 Litros Frost Free Consul CRM35HB - Geladeira/Refrigerador - Magazine Luiza,,2 Portas,-1,geladeira-refrigerador
438,755713200,Refrigerador 2 Portas 352L Frost Free BRM39EK Brastemp - Geladeira/Refrigerador - Magazine Luiza,,2 Portas,-1,geladeira-refrigerador
439,775535100,Refrigerador 2 Portas 380L Frost Free Electrolux DW42X - Geladeira/Refrigerador - Magazine Luiza,,2 Portas,-1,geladeira-refrigerador
440,750168400,Refrigerador 2 Portas Frost Free 459L DF52 Electrolux - Geladeira/Refrigerador - Magazine Luiza,,2 Portas,-1,geladeira-refrigerador
441,856745700,Frigobar Brastemp 120 Litros Porta Vidro Cinza 110V BZA12AFANA - Frigobar - Magazine Luiza,,,-1,geladeira-refrigerador
442,910857500,Frigobar Suggar 46 Litros Inox 110V FB4612IX - Frigobar - Magazine Luiza,,,-1,geladeira-refrigerador
443,928721800,Frigobar NGV 10 Preto 220V - Venax - Venax - Frigobar - Magazine Luiza,,,-1,geladeira-refrigerador
444,924052800,Cervejeira Venax EXPM100 220V com Adesivo de Taça - Venax - Frigobar - Magazine Luiza,,,-1,geladeira-refrigerador
445,901144500,Vitrine Expositora de Bebidas Venax 110V - Venax - Geladeira/Refrigerador - Magazine Luiza,,,-1,geladeira-refrigerador
446,915275800,Frigobar Cadence Gourmet 59187 220V - Cadence - Frigobar - Magazine Luiza,,,-1,geladeira-refrigerador
447,744899600,Refrigerador Compacto Eletromecânico Consul 80L 110V - Geladeira/Refrigerador - Magazine Luiza,,,-1,geladeira-refrigerador
448,748158500,Freezer Horizontal 519 Litros Consul CHB53C - Geladeira/Refrigerador - Magazine Luiza,,,-1,geladeira-refrigerador
449,765220200,Refrigerador 2 Portas 427L Frost Free Electrolux DF51X - Geladeira/Refrigerador - Magazine Luiza,,2 Portas,-1,geladeira-refrigerador
450,757919800,Refrigerador 2 Portas 598L Frost Free DB83 Electrolux - Geladeira/Refrigerador - Magazine Luiza,,,-1,geladeira-refrigerador
451,754879500,Refrigerador 2 Portas 553L Frost Free DF80 Electrolux - Geladeira/Refrigerador - Magazine Luiza,,2 Portas,-1,geladeira-refrigerador
452,215131100,Geladeira/Refrigerador Brastemp Frost Free Inox - Inverse 422L Viva! BRE51NKANA - Geladeira/ Refrigerador Inox - Magazine Luiza,Brastemp,Viva!,-1,geladeira-refrigerador
453,775124700,Mini Geladeira BlackDecker 24L 12V de Viagem - Black  Decker - Frigobar - Magazine Luiza,,,-1,geladeira-refrigerador
454,662377400,Geladeira/Refrigerador Electrolux Frost Free 2 Portas DFN42 370 Litros Branco 220V - Geladeira/Refrigerador - Magazine Luiza,,,-1,geladeira-refrigerador
455,917534900,Mini Geladeira Transparente 15L - Mobicool - Mobicool - Frigobar - Magazine Luiza,,,-1,geladeira-refrigerador
456,853107100,Mini Geladeira Portátil Multilaser TV004 110V 4L - Multilaser - Frigobar - Magazine Luiza,,,-1,geladeira-refrigerador
457,854072200,Mini Geladeira Portátil Multilaser TV005 220V 4L - Multilaser - Frigobar - Magazine Luiza,,,-1,geladeira-refrigerador
458,917065000,Cervejeira Venax 1 Porta 220V Adesivado Cerveja - Venax - Venax - Frigobar - Magazine Luiza,,,-1,geladeira-refrigerador
459,215131100,Geladeira/Refrigerador Brastemp Frost Free Inox - Inverse 422L Viva! BRE51NKANA - Geladeira/ Refrigerador Inox - Magazine Luiza,Brastemp,Viva!,-1,geladeira-refrigerador
460,771374900,Geladeira Portátil Resfriar 31L - Geladeira/Refrigerador - Magazine Luiza,,,-1,geladeira-refrigerador
461,602579200,Refrigerador Consul Facilite 1 Porta 342 Litros Branco Frost Free 127v - Geladeira/Refrigerador - Magazine Luiza,,,-1,geladeira-refrigerador
462,636067400,Geladeira/Refrigerador Esmaltec 1 Porta Cycle Defrost ROC 31 245 Litros Branco - Geladeira/Refrigerador - Magazine Luiza,,,-1,geladeira-refrigerador
463,680863100,Geladeira/Refrigerador Panasonic Frost Free 2 Portas NR BT47BD2XA 435 Litros Aço Escovado - Geladeira/Refrigerador - Magazine Luiza,,,-1,geladeira-refrigerador
464,610537400,Frigobar Suggar 46 Litros Inox 110V FB4611IX - Frigobar - Magazine Luiza,,,-1,geladeira-refrigerador
465,617928400,Geladeira/Refrigerador Esmaltec 2 Portas Cycle Defrost RCD34 276 Litros Preto - Geladeira/Refrigerador - Magazine Luiza,,,-1,geladeira-refrigerador
466,668264000,Geladeira/Refrigerador Electrolux Frost Free 2 Portas DFN39 310 Litros Branco - Geladeira/Refrigerador - Magazine Luiza,,,-1,geladeira-refrigerador
467,632761800,Geladeira/Refrigerador Esmaltec 2 Portas Cycle Defrost RCD38 306 Litros Branco - Geladeira/Refrigerador - Magazine Luiza,,,-1,geladeira-refrigerador
468,731687400,Refrigerador Degelo Prático  240L Branco (RE35) - Electrolux - Geladeira/Refrigerador - Magazine Luiza,,RE35,-1,geladeira-refrigerador
469,632384200,Expositor/Refrigerador Vertical Porta de Vidro para Bebidas 350 Litros VB40RE com Controlador Eletrônico - Metalfrio - Geladeira/Refrigerador - Magazine Luiza,,,-1,geladeira-refrigerador
470,673271700,Geladeira/Refrigerador Electrolux 2 Portas Cycle Defrost DC44 362 Litros Branco 220v - Geladeira/Refrigerador - Magazine Luiza,,,-1,geladeira-refrigerador
471,751061900,Mini Geladeira Branca 04L 110V TV010 Multilaser - Frigobar - Magazine Luiza,,,-1,geladeira-refrigerador
472,513541600,Refrigerador Electrolux 1 Porta 240L Cycle Defrost 127V - RE31 - Geladeira/Refrigerador - Magazine Luiza,,,-1,geladeira-refrigerador
473,525810800,Refrigerador Electrolux 2 Portas 362 Litros Branco Cycle Defrost 127v - Geladeira/Refrigerador - Magazine Luiza,,,-1,geladeira-refrigerador
474,756553700,Refrigerador Elux Df52X 127V Electrolux - Geladeira/Refrigerador - Magazine Luiza,,,-1,geladeira-refrigerador
475,754150600,Refrigerador Elux Db52X 127V Electrolux - Geladeira/Refrigerador - Magazine Luiza,,,-1,geladeira-refrigerador
476,653901900,Refrigerador Consul 275 Litros 2 Portas Frost Free com Bandeja Deslizante CRM35 - Geladeira/Refrigerador - Magazine Luiza,,,-1,geladeira-refrigerador
477,586514100,Refrigerador French Door 614L Inox Look - Samsung - Geladeira/Refrigerador - Magazine Luiza,,,-1,geladeira-refrigerador
478,616022600,Refrigerador Consul 2 Portas 450 litros Branco Cycle Defrost 127v - Geladeira/Refrigerador - Magazine Luiza,,,-1,geladeira-refrigerador
479,679096600,Refrigerador Samsung RT6000K Twin Cooling Duplex 453 litros Frost Free Inox 110V RT46K6361SL/AZ - Geladeira/Refrigerador - Magazine Luiza,,,-1,geladeira-refrigerador
480,636002300,Refrigerador Electrolux 3 Portas Frost Free 579 Litros DM84X - Geladeira/Refrigerador - Magazine Luiza,,,-1,geladeira-refrigerador
481,594076700,Geladeira/Refrigerador Samsung Frost Free 2 Portas RT46K6341WW Twin Cooling Plus 453 Litros Branco - Geladeira/Refrigerador - Magazine Luiza,,,-1,geladeira-refrigerador
482,688706400,Refrigerador Consul 386L Frost Free Classe A - CRM43 - Geladeira/Refrigerador - Magazine Luiza,,,-1,geladeira-refrigerador
483,627466900,Refrigerador Brastemp Side By Side Inverse 540 Litros Iluminação em LED BRO80 - Geladeira/Refrigerador - Magazine Luiza,,,-1,geladeira-refrigerador
484,619643300,Refrigerador Samsung French Door 3 Portas 536 Litros Inox 110V RF23HCEDBSR/AZ - Geladeira/Refrigerador - Magazine Luiza,,,-1,geladeira-refrigerador
485,522605800,Refrigerador Samsung French Door 564 Litros Inox 110V RF56K9040SR/AZ - Geladeira/Refrigerador - Magazine Luiza,,,-1,geladeira-refrigerador
486,852916400,Frigobar Cuisinart 178 Litros Inox/Preto 220V 4092810001 - Frigobar - Magazine Luiza,,,-1,geladeira-refrigerador
487,539057800,Refrigerador Brastemp Duplex Frost Free Branco 400L BRM54HB - 127V - Geladeira/Refrigerador - Magazine Luiza,,,-1,geladeira-refrigerador
488,683951900,Geladeira Refrigerador Electrolux 370 Litros Frost Free DFX42 - Geladeira/Refrigerador - Magazine Luiza,,,-1,geladeira-refrigerador
489,697681900,Geladeira Refrigerador Electrolux 433 Litros Frost Free 2 Portas TF51 - Geladeira/Refrigerador - Magazine Luiza,,,-1,geladeira-refrigerador
490,503680600,Refrigerador Electrolux 2 Portas 380 Litros Inox Frost Free 127v - Geladeira/Refrigerador - Magazine Luiza,,,-1,geladeira-refrigerador
491,597214900,Refrigerador Electrolux Multidoor DM84X 579L Inox 110v 02603FBA189 - Geladeira/Refrigerador - Magazine Luiza,,,-1,geladeira-refrigerador
492,643238700,Geladeira/Refrigerador Samsung Frost Free 2 Portas RL4353JBASL/AZ 435 Litros Inox - Geladeira/Refrigerador - Magazine Luiza,,,-1,geladeira-refrigerador
493,687954600,Geladeira/Refrigerador 2 Portas Frost Free NR-BB53PV3WA 425 Litros Branco - Panasonic - Geladeira/Refrigerador - Magazine Luiza,,,-1,geladeira-refrigerador
494,776019500,Geladeira Samsung French Door 3 Portas 441 Litros Inox 110V RF62HERS1/AZ - Geladeira/Refrigerador - Magazine Luiza,,Multi-portas,-1,geladeira-refrigerador
495,612993400,Geladeira/Refrigerador Panasonic Frost Free 2 Portas NR BT40BD1 387 Litros Aço Escovado - Geladeira/Refrigerador - Magazine Luiza,,,-1,geladeira-refrigerador
496,631181300,Geladeira/Refrigerador Panasonic 2 Portas Frost Free NR-BB53GV3B 425 Litros Preto - Geladeira/Refrigerador - Magazine Luiza,,,-1,geladeira-refrigerador
497,657500900,Refrigerador 1 Porta Consul Facilite Frost Free Branco 342L 110V CRB39ABANA - Geladeira/Refrigerador - Magazine Luiza,,,-1,geladeira-refrigerador
498,611257300,Geladeira/Refrigerador Samsung Frost Free 2 Portas RT46K6361SL Twin Cooling Plus 453 Litros Inox - Geladeira/Refrigerador - Magazine Luiza,,,-1,geladeira-refrigerador
499,671444200,Refrigerador Expositor para Bebidas Metalfrio com Controlador Eletrônico 406 Litros VB40RE 110V - Geladeira/Refrigerador - Magazine Luiza,,,-1,geladeira-refrigerador
500,678432400,Refrigerador Expositor para Bebidas Metalfrio com Controlador Eletrônico 572 Litros VB52R 110V - Geladeira/Refrigerador - Magazine Luiza,,,-1,geladeira-refrigerador
501,615254900,Refrigerador Expositor para Bebidas Metalfrio com Controlador Eletrônico 572 Litros VB52R 220V - Geladeira/Refrigerador - Magazine Luiza,,,-1,geladeira-refrigerador
502,639778500,Geladeira/Refrigerador Electrolux 2 Portas Cycle Defrost DC44 362 Litros Branco - Geladeira/Refrigerador - Magazine Luiza,,,-1,geladeira-refrigerador
503,693696900,Refrigerador Consul Duplex Bem Estar  Frost Free Evox Platinum 405L 220V CRM51AKBNA - Geladeira/Refrigerador - Magazine Luiza,,,-1,geladeira-refrigerador
504,661504900,Refrigerador 443L Side Inverse Brastemp BRE57 Frost Free - Geladeira/Refrigerador - Magazine Luiza,,2 Portas,-1,geladeira-refrigerador
505,654356400,Geladeira/Refrigerador Consul Frost Free 2 Portas CRM43NB 386 Litros Branco 220V - Geladeira/Refrigerador - Magazine Luiza,,,-1,geladeira-refrigerador
506,619395400,Geladeira/Refrigerador Samsung Frost Free 2 Portas RL4353JBASL/AZ 435 Litros Inox 220V - Geladeira/Refrigerador - Magazine Luiza,,,-1,geladeira-refrigerador
507,636880700,Geladeira/Refrigerador Samsung 4 Portas RF56K9040SR/AZ 564 Litros Inox 110V - Geladeira/Refrigerador - Magazine Luiza,,,-1,geladeira-refrigerador
508,220277800,Frigobar Brastemp 117L Cinza Escuro - BRC12XK - Frigobar - Magazine Luiza,Brastemp,BRC12XK,-1,geladeira-refrigerador
509,660394700,Refrigerador Geladeira 1 Porta Facilite 342L 220v Evox FF - Consul - Geladeira/Refrigerador - Magazine Luiza,,,-1,geladeira-refrigerador
510,858368800,Frigobar Brastemp Retrô 76 Litros Preto 110V BRA08AEANA - Frigobar - Magazine Luiza,,,-1,geladeira-refrigerador
511,800214000,Frigobar Brastemp Retrô Vermelho 76L 110V BRA08AVANA - Frigobar - Magazine Luiza,,,-1,geladeira-refrigerador
512,656734100,Geladeira/Refrigerador Electrolux 1 Porta RE31 240 Litros Branco - Geladeira/Refrigerador - Magazine Luiza,,,-1,geladeira-refrigerador
513,616977500,Geladeira/Refrigerador Panasonic Frost Free 2 Portas NR BT42BV1 387 Litros Tecnologia Inverter Aço Escovado - Geladeira/Refrigerador - Magazine Luiza,,,-1,geladeira-refrigerador
514,212875900,Geladeira/Refrigerador Panasonic Frost Free Duplex - 435L re Generation NR-BT49PV2WA Branco - Geladeira/Refrigerador Frost Free - Magazine Luiza,Panasonic,NR-BT49PV2WA,-1,geladeira-refrigerador
515,213146700,Geladeira/Refrigerador Samsung Frost Free Inox  - Duplex 384L Twin Cooling Plus RT5000K - Geladeira/Refrigerador - Magazine Luiza,Samsung,Twin Cooling Plus RT5000K,-1,geladeira-refrigerador
516,212875700,Geladeira/Refrigerador Panasonic Frost Free Duplex - 435L re Generation NR-BT49PV2XA Aço escovado - Geladeira/Refrigerador Frost Free - Magazine Luiza,Panasonic,NR-BT49PV2XA,-1,geladeira-refrigerador
517,212467400,Geladeira/Refrigerador Samsung Frost Free Inox - Duplex 458L RT46H5351SL/AZ - Geladeira/ Refrigerador Inox - Magazine Luiza,Samsung,RT46H5351SL/AZ,-1,geladeira-refrigerador
518,201094600,Frigobar Philco 70L Branco - PH85 - Frigobar - Magazine Luiza,Philco,PH85,-1,geladeira-refrigerador
519,201087900,Geladeira/Refrigerador Electrolux Cycle Defrost - Duplex 475L DC51 Branco - Geladeira/Refrigerador - Magazine Luiza,Electrolux,DC51,-1,geladeira-refrigerador
520,217153000,Frigobar Philco 68L Platinum  - PH85 - Frigobar - Magazine Luiza,Philco,PH85,-1,geladeira-refrigerador
521,216506000,Geladeira/Refrigerador Samsung Frost Free Inox - Duplex 384L Twin Cooling Plus RT5000K - Geladeira/ Refrigerador Inox - Magazine Luiza,Samsung,Twin Cooling Plus RT5000K,-1,geladeira-refrigerador
522,218179900,Geladeira/Refrigerador Brastemp Frost Free Inverse - 460L BRE59AE Preto - Geladeira/Refrigerador Frost Free - Magazine Luiza,Brastemp,BRE59AE,-1,geladeira-refrigerador
523,219025500,Frigobar Midea 93L Branco  - MRC10B1 - Frigobar - Magazine Luiza,Midea,MRC10B1,-1,geladeira-refrigerador
524,088806300,Geladeira/Refrigerador Electrolux Frost Free - Duplex 261L DF35A11006 Branco - Geladeira/Refrigerador Frost Free - Magazine Luiza,Electrolux,DF35A,-1,geladeira-refrigerador
525,088879400,Geladeira/Refrigerador Consul Frost Free Duplex - 405L Painel Digital Touch CRM51ABANA Branco - Geladeira/Refrigerador Frost Free - Magazine Luiza,Consul,CRM51A,-1,geladeira-refrigerador
526,086799300,Geladeira/Refrigerador Brastemp Frost Free Evox - Duplex 378L Clean BRM42EKANA - Geladeira/Refrigerador - Magazine Luiza,Brastemp,BRM42EK,-1,geladeira-refrigerador
527,084260200,Chopeira BenMax com Função Frigobar - BMDB - Frigobar - Magazine Luiza,BenMax,BMDB,-1,geladeira-refrigerador
528,200197900,Frigobar Brastemp 120L Preta e Branca - com Porta de Vidro BZA12AF - Frigobar - Magazine Luiza,Brastemp,BZA12AF,-1,geladeira-refrigerador
529,013021400,Geladeira/Refrigerador Brastemp Frost Free Evox - Inverse 422L Ative! BRE50NKANA - Geladeira/Refrigerador - Magazine Luiza,Brastemp,BRE50NK,-1,geladeira-refrigerador
530,013021000,Geladeira/Refrigerador Brastemp Frost Free Evox - Duplex 429L Ative! BRM50NKANA - Geladeira/Refrigerador - Magazine Luiza,Brastemp,BRM50NK,-1,geladeira-refrigerador
531,013015001,Geladeira/Refrigerador Consul Frost Free - Freezer Duplex 275L CRM35NBANA - Geladeira/Refrigerador - Magazine Luiza,Consul,CRM35NB,-1,geladeira-refrigerador
532,013017201,Geladeira/Refrigerador Esmaltec Cycle Defrost - Duplex 306L RCD38 Branco - Geladeira/Refrigerador - Magazine Luiza,Esmaltec,RCD38,-1,geladeira-refrigerador
533,013072401,Geladeira/Refrigerador Consul Frost Free Duplex  - 340L CRM38NB Branco - Geladeira/Refrigerador Frost Free - Magazine Luiza,Consul,CRM38NB,-1,geladeira-refrigerador
534,013020801,Geladeira/Refrigerador Consul Cycle Defrost Duplex - 415L CRD46ABANA - Geladeira/Refrigerador - Magazine Luiza,Consul,CRD46AB,-1,geladeira-refrigerador
535,013000400,Geladeira/Refrigerador Panasonic Frost Free Inox - Duplex 387L re generation NR-BT40BD1X - Geladeira/Refrigerador - Magazine Luiza,Panasonic,NR-BT40BD1X,-1,geladeira-refrigerador
536,013040501,Geladeira/Refrigerador Panasonic Frost Free Duplex - 387L re generation NR-BT42BV1WA Branco - Geladeira/Refrigerador Frost Free - Magazine Luiza,Panasonic,NR-BT42BV1WA,-1,geladeira-refrigerador
537,013015200,Geladeira/Refrigerador Consul Frost Free Evox - Duplex 275L CRM35NKANA - Geladeira/Refrigerador - Magazine Luiza,Consul,CRM35NK,-1,geladeira-refrigerador
538,013010400,Geladeira/Refrigerador Consul Cycle Defrost Evox - Duplex 450L CRD49AKANA - Geladeira/Refrigerador - Magazine Luiza,Consul,CRD49AK,-1,geladeira-refrigerador
539,010038501,Geladeira/Refrigerador Consul Frost Free 1 Porta - 300L c/ Dispenser Facilite CRG36 - Geladeira/Refrigerador 1 Porta - Magazine Luiza,Consul,CRG36,-1,geladeira-refrigerador
540,010053401,Geladeira/Refrigerador Consul Degelo Seco 261L - CRA30FBANA Branco - Geladeira/Refrigerador - Magazine Luiza,Consul,CRA30,-1,geladeira-refrigerador
541,010066201,Geladeira/Refrigerador Brastemp Frost Free Duplex - 429L Ative! BRM50NBANA Branco - Geladeira/Refrigerador Frost Free - Magazine Luiza,Brastemp,BRM50NB,-1,geladeira-refrigerador
542,010066201,Geladeira/Refrigerador Brastemp Frost Free Duplex - 429L Ative! BRM50NBANA Branco - Geladeira/Refrigerador Frost Free - Magazine Luiza,Brastemp,BRM50NB,-1,geladeira-refrigerador
543,010059900,Geladeira/Refrigerador Electrolux Frost Free Inox - Duplex 261L DF35X - Geladeira/ Refrigerador Inox - Magazine Luiza,Electrolux,DF35X,-1,geladeira-refrigerador
544,088806100,Geladeira/Refrigerador Electrolux Cycle Defrost - Duplex 362L DC44 Branco - Geladeira/Refrigerador - Magazine Luiza,Electrolux,DC44,-1,geladeira-refrigerador
545,084267200,Geladeira/Refrigerador Panasonic Frost Free Duplex - 435L regeneration NR-BT47BD2WA Branco - Geladeira/Refrigerador Frost Free - Magazine Luiza,Panasonic,NR-BT47BD2WA,-1,geladeira-refrigerador
546,604275300,Refrigerador Esmaltec 110V 1 Porta - Branco - Geladeira/Refrigerador - Magazine Luiza,,,-1,geladeira-refrigerador
547,084246900,"Geladeira/Refrigerador Brastemp Frost Free 540,6L - Ative! BRO80AEBNA Preto - Geladeira/Refrigerador Frost Free - Magazine Luiza",Brastemp,BRO80AE,-1,geladeira-refrigerador
548,644007600,Geladeira-Refrigerador Electrolux 323 Litros RFE39 Frost Free 1 Porta-110V - Geladeira/Refrigerador - Magazine Luiza,,,-1,geladeira-refrigerador
549,633529600,Refrigerador Brastemp Duplex Frost Free Branco 500L BRM58AB - 127V - Geladeira/Refrigerador - Magazine Luiza,,,-1,geladeira-refrigerador
